title,product_link,product_image_url,price,color_codes
"男裝 SUPIMA COTTON圓領T恤(短袖) 465494  限時特優 男女適穿 豐富尺碼 店取(店鋪庫存) XS,S,M,L,XL,XXL,3XL,4XL WHITE,GRAY,BLACK,BEIGE,GREEN,BLUE,NAVY,",/tw/zh_TW/product-detail.html?productCode=u0000000018528,https://www.uniqlo.com/tw/hmall/test/u0000000018528/main/first/561/1.jpg,NT$490,"COL00,COL07,COL09,COL31,COL52,COL62,COL69"
"男裝 SUPIMA COTTON 圓領T恤(短袖) 471584  限時特優 男女適穿 豐富尺碼 店取(店鋪庫存) XS,S,M,L,XL,XXL,3XL,4XL WINE,GREEN,BLUE,",/tw/zh_TW/product-detail.html?productCode=u0000000019347,https://www.uniqlo.com/tw/hmall/test/u0000000019347/main/first/561/1.jpg,NT$490,"COL18,COL54,COL66"
"男裝 AIRism圓領T恤(短袖) 466478  限時特優 豐富尺碼 再生材質 店取(店鋪庫存) XS,S,M,L,XL LIGHT,",/tw/zh_TW/product-detail.html?productCode=u0000000018631,https://www.uniqlo.com/tw/hmall/test/u0000000018631/main/first/561/1.jpg,NT$290,COL02
"男裝 AIRism V領T恤(短袖) 467853  限時特優 豐富尺碼 再生材質 店取(店鋪庫存) S,M,L,XL,XS WHITE,BLACK,",/tw/zh_TW/product-detail.html?productCode=u0000000018645,https://www.uniqlo.com/tw/hmall/test/u0000000018645/main/first/561/1.jpg,NT$290,"COL00,COL09"
"男裝 AIRism圓領T恤(短袖) 468480  限時特優 豐富尺碼 再生材質 店取(店鋪庫存) S,M,L,XL LIGHT,",/tw/zh_TW/product-detail.html?productCode=u0000000018627,https://www.uniqlo.com/tw/hmall/test/u0000000018627/main/first/561/1.jpg,NT$290,COL02
"男裝 AIRism V領T恤(短袖) 464302  限時特優 豐富尺碼 再生材質 店取(店鋪庫存) XS,S,M,L,XL,XXL,3XL,4XL WHITE,BLACK,",/tw/zh_TW/product-detail.html?productCode=u0000000018617,https://www.uniqlo.com/tw/hmall/test/u0000000018617/main/first/561/1.jpg,NT$290,"COL00,COL09"
"男裝 AIRism圓領T恤(短袖) 467854 464303  限時特優 豐富尺碼 再生材質 店取(店鋪庫存) XS,S,M,L,XL,XXL,3XL,4XL /,/,/,",/tw/zh_TW/product-detail.html?productCode=u0000000018618,https://www.uniqlo.com/tw/hmall/test/u0000000018618/main/first/561/1.jpg,NT$290,"COL00,COL09,COL69"
"男裝 寬版條紋T恤(五分袖) 465492  超值精選 店取(店鋪庫存) XS,S,M,L,XL,XXL,3XL,4XL GRAY,BLUE,NAVY,",/tw/zh_TW/product-detail.html?productCode=u0000000018704,https://www.uniqlo.com/tw/hmall/test/u0000000018704/main/first/561/1.jpg,NT$390,"COL03,COL64,COL69"
"男裝 寬版條紋圓領T恤(五分袖)(寬條紋) 468879  超值精選 店取(店鋪庫存) XS,S,M,L,XL,XXL,3XL,4XL PINK,OLIVE,NAVY,",/tw/zh_TW/product-detail.html?productCode=u0000000018705,https://www.uniqlo.com/tw/hmall/test/u0000000018705/main/first/561/1.jpg,NT$390,"COL11,COL57,COL69"
"男裝 AIRism棉質圓領T恤(短袖) 464305  超值精選 店取(店鋪庫存) XS,S,M,L,XL,XXL GREEN,BLUE,",/tw/zh_TW/product-detail.html?productCode=u0000000020051,https://www.uniqlo.com/tw/hmall/test/u0000000020051/main/first/561/1.jpg,NT$190,"COL54,COL64"
"男裝 AIRism棉質休閒口袋T恤(五分袖) 467134  超值精選 店取(店鋪庫存) XS,S,M,L,XL WHITE,OFF,DARK,BLACK,BROWN,",/tw/zh_TW/product-detail.html?productCode=u0000000019068,https://www.uniqlo.com/tw/hmall/test/u0000000019068/main/first/561/1.jpg,NT$390,"COL00,COL01,COL08,COL09,COL36"
"男裝 AIRism棉質圓領條紋T恤(短袖) 467273  超值精選 店取(店鋪庫存) S,M,L,XL,XS,XXL GRAY,BLACK,",/tw/zh_TW/product-detail.html?productCode=u0000000018629,https://www.uniqlo.com/tw/hmall/test/u0000000018629/main/first/561/1.jpg,NT$190,"COL03,COL09"
"男裝 HEATTECH ULTRA WARM超極暖圓領T恤(長袖) 469983  9月中旬販售 新作商品 店取(店鋪庫存) XS,S,M,L,XL,XXL,3XL,4XL OFF,DARK,BLACK,NAVY,",/tw/zh_TW/product-detail.html?productCode=u0000000020340,https://www.uniqlo.com/tw/hmall/test/u0000000020340/main/first/561/1.jpg,NT$990,"COL01,COL08,COL09,COL69"
"男裝 柔軟棉質圓領T恤(長袖) 469940  9月上旬販售 新作商品 店取(店鋪庫存) XS,S,M,L,XL,XXL,3XL,4XL WHITE,GRAY,DARK,BLACK,PINK,DARK,OLIVE,BLUE,BLUE,NAVY,",/tw/zh_TW/product-detail.html?productCode=u0000000020276,https://www.uniqlo.com/tw/hmall/test/u0000000020276/main/first/561/1.jpg,NT$590,"COL00,COL04,COL08,COL09,COL11,COL39,COL56"
"男裝 柔軟針織刷毛中高領T恤(長袖) 469949  9月上旬販售 新作商品 店取(店鋪庫存) XS,S,M,L,XL,XXL,3XL,4XL OFF,GRAY,BLACK,OLIVE,",/tw/zh_TW/product-detail.html?productCode=u0000000020264,https://www.uniqlo.com/tw/hmall/test/u0000000020264/main/first/561/1.jpg,NT$590,"COL01,COL07,COL09,COL56"
"男裝 柔軟針織刷毛圓領T恤(長袖) 470641  9月上旬販售 新作商品 店取(店鋪庫存) XS,S,M,L,XL,XXL,3XL,4XL GRAY,DARK,DARK,BLUE,",/tw/zh_TW/product-detail.html?productCode=u0000000020283,https://www.uniqlo.com/tw/hmall/test/u0000000020283/main/first/561/1.jpg,NT$590,"COL03,COL08,COL38,COL66"
"男裝 HEATTECH 棉質EXTRA WARM極暖中高領T恤(9分袖) 472088  8月下旬販售 新作商品 店取(店鋪庫存) S,M,L,XL OFF,GRAY,BLACK,",/tw/zh_TW/product-detail.html?productCode=u0000000020233,https://www.uniqlo.com/tw/hmall/test/u0000000020233/main/first/561/1.jpg,NT$790,"COL01,COL07,COL09"
"男裝 AIRism 棉質條紋圓領T恤(長袖) 473057  8月下旬販售 新作商品 店取(店鋪庫存) XS,S,M,L,XL,XXL,3XL,4XL WHITE,WINE,BEIGE,OLIVE,NAVY,",/tw/zh_TW/product-detail.html?productCode=u0000000020215,https://www.uniqlo.com/tw/hmall/test/u0000000020215/main/first/561/1.jpg,NT$590,"COL00,COL18,COL31,COL57,COL69"
"男裝 AIRism 棉質條紋圓領T恤(長袖) 476452  8月下旬販售 新作商品 店取(店鋪庫存) XS,S,M,L,XL,XXL,3XL,4XL GRAY,NAVY,",/tw/zh_TW/product-detail.html?productCode=u0000000020203,https://www.uniqlo.com/tw/hmall/test/u0000000020203/main/first/561/1.jpg,NT$590,"COL03,COL69"
"男裝 HEATTECH 圓領T恤(9分袖) 469977  新作商品 店取(店鋪庫存) XS,S,M,L,XL,XXL,3XL,4XL WHITE,DARK,BLACK,NAVY,",/tw/zh_TW/product-detail.html?productCode=u0000000020075,https://www.uniqlo.com/tw/hmall/test/u0000000020075/main/first/561/1.jpg,NT$590,"COL00,COL08,COL09,COL69"
"男裝 HEATTECH V領T恤(9分袖) 469978  新作商品 店取(店鋪庫存) XS,S,M,L,XL,XXL,3XL WHITE,BLACK,BEIGE,",/tw/zh_TW/product-detail.html?productCode=u0000000020130,https://www.uniqlo.com/tw/hmall/test/u0000000020130/main/first/561/1.jpg,NT$590,"COL00,COL09,COL32"
"男裝 HEATTECH 棉質EXTRA WARM極暖圓領T恤(9分袖) 469980  新作商品 店取(店鋪庫存) XS,S,M,L,XL,XXL,3XL,4XL OFF,BLACK,NAVY,",/tw/zh_TW/product-detail.html?productCode=u0000000020223,https://www.uniqlo.com/tw/hmall/test/u0000000020223/main/first/561/1.jpg,NT$790,"COL01,COL09,COL69"
"男裝 HEATTECH 棉質EXTRA WARM極暖V領T恤(9分袖) 469981  8月下旬販售 新作商品 店取(店鋪庫存) S,M,L,XL OFF,BLACK,",/tw/zh_TW/product-detail.html?productCode=u0000000020237,https://www.uniqlo.com/tw/hmall/test/u0000000020237/main/first/561/1.jpg,NT$790,"COL01,COL09"
"男裝 HEATTECH 圓領T恤(9分袖)(條紋) 471359  新作商品 店取(店鋪庫存) XS,S,M,L,XL,XXL,3XL,4XL BLACK,BLUE,",/tw/zh_TW/product-detail.html?productCode=u0000000020073,https://www.uniqlo.com/tw/hmall/test/u0000000020073/main/first/561/1.jpg,NT$590,"COL09,COL68"
"男裝 HEATTECH 棉質EXTRA WARM極暖圓領T恤(9分袖) 471521  新作商品 店取(店鋪庫存) XS,S,M,L,XL,XXL,3XL,4XL DARK,",/tw/zh_TW/product-detail.html?productCode=u0000000020235,https://www.uniqlo.com/tw/hmall/test/u0000000020235/main/first/561/1.jpg,NT$790,COL08
"男裝 DRY-EX快乾T恤(無袖) 472039  新作商品 店取(店鋪庫存) XS,S,M,L,XL,XXL,3XL,4XL LIGHT,DARK,BLACK,BLUE,",/tw/zh_TW/product-detail.html?productCode=u0000000020128,https://www.uniqlo.com/tw/hmall/test/u0000000020128/main/first/561/1.jpg,NT$590,"COL02,COL08,COL09,COL66"
"男裝 HEATTECH棉質EXTRA WARM極暖圓領T恤(9分袖) 472922  新作商品 店取(店鋪庫存) S,M,L,XL OFF,BLACK,",/tw/zh_TW/product-detail.html?productCode=u0000000020167,https://www.uniqlo.com/tw/hmall/test/u0000000020167/main/first/561/1.jpg,NT$790,"COL01,COL09"
"男裝 HEATTECH 棉質EXTRA WARM極暖華夫格圓領T恤(9分袖) 472923  8月下旬販售 新作商品 店取(店鋪庫存) XS,S,M,L,XL,XXL,3XL,4XL OFF,BLACK,",/tw/zh_TW/product-detail.html?productCode=u0000000020194,https://www.uniqlo.com/tw/hmall/test/u0000000020194/main/first/561/1.jpg,NT$790,"COL01,COL09"
"男裝 HEATTECH 棉質EXTRA WARM極暖圓領T恤(9分袖) 473192  新作商品 店取(店鋪庫存) S,M,L,XL DARK,",/tw/zh_TW/product-detail.html?productCode=u0000000020204,https://www.uniqlo.com/tw/hmall/test/u0000000020204/main/first/561/1.jpg,NT$790,COL08
"男裝 HEATTECH 棉質EXTRA WARM極暖華夫格圓領T恤(9分袖) 473194  8月下旬販售 新作商品 店取(店鋪庫存) XS,S,M,L,XL,XXL,3XL,4XL DARK,BLUE,",/tw/zh_TW/product-detail.html?productCode=u0000000020222,https://www.uniqlo.com/tw/hmall/test/u0000000020222/main/first/561/1.jpg,NT$790,"COL08,COL68"
"男裝 華夫格亨利領T恤(長袖) 469924  新作商品 店取(店鋪庫存) XS,S,M,L,XL,XXL,3XL,4XL OFF,BLACK,DARK,BEIGE,",/tw/zh_TW/product-detail.html?productCode=u0000000019928,https://www.uniqlo.com/tw/hmall/test/u0000000019928/main/first/561/1.jpg,NT$590,"COL01,COL09,COL58,COL32"
"男裝 AIRism棉質圓領T恤(短袖) 464305  新作商品 店取(店鋪庫存) XS,S,M,L,XL,XXL,3XL,4XL /,/,/,NAVY,",/tw/zh_TW/product-detail.html?productCode=u0000000018619,https://www.uniqlo.com/tw/hmall/test/u0000000018619/main/first/561/1.jpg,NT$390,"COL00,COL09,COL07,COL69"
"男裝 圓領T恤(短袖) 455360 / 476294 465186  男女適穿 新作商品 店取(店鋪庫存) XS,S,M,L,XL,XXL,3XL,4XL /,/,/,/,/,/,/,/,/,",/tw/zh_TW/product-detail.html?productCode=u0000000018346,https://www.uniqlo.com/tw/hmall/test/u0000000018346/main/first/561/1.jpg,NT$390,"COL00,COL68,COL07,COL09,COL30,COL11,COL36"
"男裝 HEATTECH圓領T恤(9分袖) 472909 461003  豐富尺碼 再生材質 新作商品 店取(店鋪庫存) XS,S,M,L,XL,XXL,3XL,4XL /,/,/,",/tw/zh_TW/product-detail.html?productCode=u0000000017274,https://www.uniqlo.com/tw/hmall/test/u0000000017274/main/first/561/1.jpg,NT$590,"COL00,COL08,COL09"
"男裝 DRY-EX快乾T恤(短袖)(印花) 471585  再生材質 店取(店鋪庫存) XS,S,M,L,XL,XXL,3XL,4XL OFF,BLACK,BLUE,",/tw/zh_TW/product-detail.html?productCode=u0000000019930,https://www.uniqlo.com/tw/hmall/test/u0000000019930/main/first/561/1.jpg,NT$590,"COL01,COL09,COL68"
"男裝 圓領T恤(短袖) 471586  豐富尺碼 店取(店鋪庫存) XS,S,M,L,XL,XXL,3XL,4XL WINE,BROWN,DARK,",/tw/zh_TW/product-detail.html?productCode=u0000000019639,https://www.uniqlo.com/tw/hmall/test/u0000000019639/main/first/561/1.jpg,NT$190,"COL18,COL34,COL59"
"男裝 DRY-EX快乾T恤(短袖) 474201  豐富尺碼 店取(店鋪庫存) XS,S,M,L,XL,XXL,3XL,4XL OLIVE,YELLOW,",/tw/zh_TW/product-detail.html?productCode=u0000000019661,https://www.uniqlo.com/tw/hmall/test/u0000000019661/main/first/561/1.jpg,NT$590,"COL56,COL42"
"男裝 AIRism棉質寬版T恤(無袖) 471587  豐富尺碼 再生材質 店取(店鋪庫存) XS,S,M,L,XL,XXL,3XL,4XL WINE,",/tw/zh_TW/product-detail.html?productCode=u0000000019650,https://www.uniqlo.com/tw/hmall/test/u0000000019650/main/first/561/1.jpg,NT$590,COL18
"男裝 AIRism棉質圓領T恤(長袖) 469922  男女適穿 豐富尺碼 店取(店鋪庫存) XS,S,M,L,XL,XXL,3XL,4XL WHITE,BLACK,NATURAL,NAVY,DARK,OLIVE,PURPLE,",/tw/zh_TW/product-detail.html?productCode=u0000000019635,https://www.uniqlo.com/tw/hmall/test/u0000000019635/main/first/561/1.jpg,NT$590,"COL00,COL09,COL30,COL69,COL39,COL56,COL76"
"男裝 圓領T恤(短袖) 471583  男女適穿 店取(店鋪庫存) XS,S,M,L,XL,XXL,3XL,4XL RED,OLIVE,LIGHT,DARK,",/tw/zh_TW/product-detail.html?productCode=u0000000019504,https://www.uniqlo.com/tw/hmall/test/u0000000019504/main/first/561/1.jpg,NT$390,"COL17,COL57,COL02,COL38"
"男裝 DRY-EX快乾T恤(短袖)(印花) 467543  豐富尺碼 再生材質 店取(店鋪庫存) XS,S,M,XL,XXL,3XL,4XL,L GRAY,NAVY,",/tw/zh_TW/product-detail.html?productCode=u0000000019036,https://www.uniqlo.com/tw/hmall/test/u0000000019036/main/first/561/1.jpg,NT$590,"COL03,COL69"
"男裝 DRY-EX快乾T恤(短袖) 465191  男女適穿 豐富尺碼 再生材質 店取(店鋪庫存) XS,S,M,L,XL,XXL,3XL,4XL WHITE,DARK,BLACK,BLUE,PURPLE,",/tw/zh_TW/product-detail.html?productCode=u0000000018633,https://www.uniqlo.com/tw/hmall/test/u0000000018633/main/first/561/1.jpg,NT$590,"COL00,COL08,COL09,COL64,COL72"
"男裝 AIRism棉質圓領T恤(短袖) 467855  男女適穿 豐富尺碼 店取(店鋪庫存) S,M,L,XL,XS,XXL WHITE,BLACK,NAVY,",/tw/zh_TW/product-detail.html?productCode=u0000000018862,https://www.uniqlo.com/tw/hmall/test/u0000000018862/main/first/561/1.jpg,NT$390,"COL00,COL09,COL69"
"男裝 Basquiat 印花T恤(短袖) 471327  男女適穿 豐富尺碼 店取(店鋪庫存) XS,S,M,L,XL,XXL,3XL,4XL DARK,",/tw/zh_TW/product-detail.html?productCode=u0000000018902,https://www.uniqlo.com/tw/hmall/test/u0000000018902/main/first/561/1.jpg,NT$590,COL08
"男裝 AIRism棉質寬版T恤(無袖) 466776  男女適穿 豐富尺碼 再生材質 店取(店鋪庫存) XS,S,M,L,XL,XXL,3XL,4XL WHITE,GRAY,BLACK,NATURAL,PINK,NAVY,",/tw/zh_TW/product-detail.html?productCode=u0000000018568,https://www.uniqlo.com/tw/hmall/test/u0000000018568/main/first/561/1.jpg,NT$590,"COL00,COL07,COL09,COL30,COL11,COL69"
"男裝 圓領T恤(短袖) 465187  豐富尺碼 再生材質 店取(店鋪庫存) XS,S,M,L,XL,XXL,4XL,3XL ORANGE,YELLOW,OLIVE,BLUE,WHITE,GRAY,DARK,BLACK,NAVY,",/tw/zh_TW/product-detail.html?productCode=u0000000018350,https://www.uniqlo.com/tw/hmall/test/u0000000018350/main/first/561/1.jpg,NT$190,"COL22,COL41,COL57,COL68,COL00,COL03,COL08"
"男裝 圓領T恤(短袖) 466868  男女適穿 豐富尺碼 店取(店鋪庫存) S,M,L,XL,XXL,XS WHITE,GRAY,DARK,BLACK,NAVY,",/tw/zh_TW/product-detail.html?productCode=u0000000018341,https://www.uniqlo.com/tw/hmall/test/u0000000018341/main/first/561/1.jpg,NT$190,"COL00,COL03,COL08,COL09,COL69"
"男裝 華夫格亨利領T恤(長袖) 465496  豐富尺碼 店取(店鋪庫存) S,M,L,XL,3XL,4XL OFF,GRAY,BLACK,DARK,",/tw/zh_TW/product-detail.html?productCode=u0000000018272,https://www.uniqlo.com/tw/hmall/test/u0000000018272/main/first/561/1.jpg,NT$590,"COL01,COL03,COL09,COL58"
"男裝 AIRism棉質圓領T恤(長袖) 465193  男女適穿 豐富尺碼 再生材質 店取(店鋪庫存) XS,S,M,L,XL,XXL,3XL,4XL WHITE,BLACK,NATURAL,GREEN,NAVY,",/tw/zh_TW/product-detail.html?productCode=u0000000018436,https://www.uniqlo.com/tw/hmall/test/u0000000018436/main/first/561/1.jpg,NT$590,"COL00,COL09,COL30,COL52,COL69"
"男裝 Emmanuelle Moureaux 印花T恤(短袖) 466168  男女適穿 豐富尺碼 店取(店鋪庫存) XS,S,M,L,XL,XXL,3XL,4XL WHITE,",/tw/zh_TW/product-detail.html?productCode=u0000000018394,https://www.uniqlo.com/tw/hmall/test/u0000000018394/main/first/561/1.jpg,NT$590,COL00
"男裝 Yu Nagaba 印花T恤(短袖) 468495  男女適穿 豐富尺碼 店取(店鋪庫存) XS,S,M,L,XL,XXL,3XL,4XL NATURAL,",/tw/zh_TW/product-detail.html?productCode=u0000000018395,https://www.uniqlo.com/tw/hmall/test/u0000000018395/main/first/561/1.jpg,NT$590,COL30
"男裝 ULTRAMAN 印花T恤(短袖) 468496  男女適穿 豐富尺碼 店取(店鋪庫存) XS,S,M,L,XL,XXL,3XL,4XL LIGHT,",/tw/zh_TW/product-detail.html?productCode=u0000000018396,https://www.uniqlo.com/tw/hmall/test/u0000000018396/main/first/561/1.jpg,NT$590,COL02
"男裝 Herzog & de Meuron 印花T恤(短袖) 471157  男女適穿 豐富尺碼 店取(店鋪庫存) XS,S,M,L,XL,XXL,3XL BLACK,",/tw/zh_TW/product-detail.html?productCode=u0000000018397,https://www.uniqlo.com/tw/hmall/test/u0000000018397/main/first/561/1.jpg,NT$590,COL09
"男裝 HEATTECH棉質EXTRA WARM極暖圓領T恤(9分袖) 461228  豐富尺碼 店取(店鋪庫存) XS,S DARK,",/tw/zh_TW/product-detail.html?productCode=u0000000018082,https://www.uniqlo.com/tw/hmall/test/u0000000018082/main/first/561/1.jpg,NT$790,COL08
"男裝 HEATTECH ULTRA WARM超極暖圓領T恤(長袖) 461011  豐富尺碼 再生材質 店取(店鋪庫存) S OFF,BLACK,",/tw/zh_TW/product-detail.html?productCode=u0000000017592,https://www.uniqlo.com/tw/hmall/test/u0000000017592/main/first/561/1.jpg,NT$990,"COL01,COL09"
"男裝 HEATTECH棉質EXTRA WARM極暖圓領T恤(9分袖) 461229  豐富尺碼 店取(店鋪庫存) XS,S,M,L OFF,BLACK,",/tw/zh_TW/product-detail.html?productCode=u0000000017569,https://www.uniqlo.com/tw/hmall/test/u0000000017569/main/first/561/1.jpg,NT$790,"COL01,COL09"
"男裝 柔軟棉質圓領T恤(長袖) 460319  豐富尺碼 店取(店鋪庫存) S,M,L,XL WHITE,BLACK,NAVY,GRAY,BLUE,",/tw/zh_TW/product-detail.html?productCode=u0000000017312,https://www.uniqlo.com/tw/hmall/test/u0000000017312/main/first/561/1.jpg,NT$590,"COL00,COL09,COL69,COL04,COL67"
"男裝 HEATTECH 棉質EXTRA WARM極暖圓領T恤(9分袖) 461008  豐富尺碼 店取(店鋪庫存) XS,S,M,L,XL,4XL OFF,BLACK,",/tw/zh_TW/product-detail.html?productCode=u0000000017526,https://www.uniqlo.com/tw/hmall/test/u0000000017526/main/first/561/1.jpg,NT$790,"COL01,COL09"
"男裝 華夫格亨利領T恤(長袖) 462055  豐富尺碼 店取(店鋪庫存) S,M,L,XS,XL OFF,GRAY,BLACK,",/tw/zh_TW/product-detail.html?productCode=u0000000017205,https://www.uniqlo.com/tw/hmall/test/u0000000017205/main/first/561/1.jpg,NT$590,"COL01,COL03,COL09"
"男裝 Francesco Risso 印花T恤(短袖) 466377  豐富尺碼 店取(店鋪庫存) M,L,XL,XXL,3XL WHITE,",/tw/zh_TW/product-detail.html?productCode=u0000000017112,https://www.uniqlo.com/tw/hmall/test/u0000000017112/main/first/561/1.jpg,NT$590,COL00
"男裝 Julian Opie 印花T恤(短袖) 471336 466374  豐富尺碼 店取(店鋪庫存) XS,S,M,L,XL,XXL,3XL,4XL /,",/tw/zh_TW/product-detail.html?productCode=u0000000017110,https://www.uniqlo.com/tw/hmall/test/u0000000017110/main/first/561/1.jpg,NT$590,COL00
"男裝 Haruka Ayase 印花T恤(短袖) 461325  豐富尺碼 店取(店鋪庫存) S,M PINK,",/tw/zh_TW/product-detail.html?productCode=u0000000017122,https://www.uniqlo.com/tw/hmall/test/u0000000017122/main/first/561/1.jpg,NT$590,COL10
"男裝 HEATTECH圓領T恤 (9分袖) 461210  豐富尺碼 店取(店鋪庫存) S,M,L,XL,XS WHITE,DARK,BLACK,NAVY,",/tw/zh_TW/product-detail.html?productCode=u0000000016618,https://www.uniqlo.com/tw/hmall/test/u0000000016618/main/first/561/1.jpg,NT$590,"COL00,COL08,COL09,COL69"
"男裝 Akamai 印花T恤(短袖) 459561  男女適穿 豐富尺碼 店取(店鋪庫存) S BLACK,",/tw/zh_TW/product-detail.html?productCode=u0000000016548,https://www.uniqlo.com/tw/hmall/test/u0000000016548/main/first/561/1.jpg,NT$590,COL09
"男裝 Roger Federer印花T恤(短袖) 471325 459563  男女適穿 豐富尺碼 店取(店鋪庫存) S,M,L,XL,XXL,3XL,4XL /,",/tw/zh_TW/product-detail.html?productCode=u0000000016549,https://www.uniqlo.com/tw/hmall/test/u0000000016549/main/first/561/1.jpg,NT$590,COL00
"男裝 Dick Bruna 印花T恤(短袖) 471326 459564  男女適穿 豐富尺碼 店取(店鋪庫存) M,L,XL,S,XXL,3XL,4XL /,",/tw/zh_TW/product-detail.html?productCode=u0000000016550,https://www.uniqlo.com/tw/hmall/test/u0000000016550/main/first/561/1.jpg,NT$590,COL61
"男裝 Basquiat 印花T恤(短袖) 459565  男女適穿 豐富尺碼 店取(店鋪庫存) XS,S,M,L,XL,XXL,3XL,4XL DARK,",/tw/zh_TW/product-detail.html?productCode=u0000000016601,https://www.uniqlo.com/tw/hmall/test/u0000000016601/main/first/561/1.jpg,NT$590,COL08
"男裝 Magnum Photos 印花T恤(短袖) 471331 459569  男女適穿 豐富尺碼 店取(店鋪庫存) M,L,XL,3XL,4XL,XS,S,XXL /,",/tw/zh_TW/product-detail.html?productCode=u0000000016551,https://www.uniqlo.com/tw/hmall/test/u0000000016551/main/first/561/1.jpg,NT$590,COL00
"男裝 圓領T恤(短袖) 455357  男女適穿 豐富尺碼 店取(店鋪庫存) S,M,L,XL,XS WHITE,GRAY,BLACK,NAVY,DARK,",/tw/zh_TW/product-detail.html?productCode=u0000000015965,https://www.uniqlo.com/tw/hmall/test/u0000000015965/main/first/561/1.jpg,NT$190,"COL00,COL03,COL09,COL69,COL08"
"男裝 Gordon Reid 印花T恤(短袖) 457118  豐富尺碼 店取(店鋪庫存) XXL,3XL,4XL WHITE,",/tw/zh_TW/product-detail.html?productCode=u0000000013896,https://www.uniqlo.com/tw/hmall/test/u0000000013896/main/first/561/1.jpg,NT$590,COL00
"男裝 錦織圭 印花T恤(短袖) 467258 457121  豐富尺碼 店取(店鋪庫存) L,XL,XXL,3XL,4XL,XS,S,M /,",/tw/zh_TW/product-detail.html?productCode=u0000000013909,https://www.uniqlo.com/tw/hmall/test/u0000000013909/main/first/561/1.jpg,NT$590,COL00
"男裝 Rei Inamoto 印花T恤(短袖) 457123  豐富尺碼 店取(店鋪庫存) M,L BLACK,",/tw/zh_TW/product-detail.html?productCode=u0000000013903,https://www.uniqlo.com/tw/hmall/test/u0000000013903/main/first/561/1.jpg,NT$590,COL09
"男裝 河村康輔 印花T恤(短袖) 457125  豐富尺碼 店取(店鋪庫存) XS,S,M BLACK,",/tw/zh_TW/product-detail.html?productCode=u0000000013938,https://www.uniqlo.com/tw/hmall/test/u0000000013938/main/first/561/1.jpg,NT$590,COL09
"男裝 Christophe Lemaire 印花T恤 457129  豐富尺碼 店取(店鋪庫存) S,L,XL GREEN,",/tw/zh_TW/product-detail.html?productCode=u0000000013922,https://www.uniqlo.com/tw/hmall/test/u0000000013922/main/first/561/1.jpg,NT$590,COL55
"男裝 JW ANDERSON 印花T恤(短袖) 457130  豐富尺碼 店取(店鋪庫存) L,XL,3XL WHITE,",/tw/zh_TW/product-detail.html?productCode=u0000000013895,https://www.uniqlo.com/tw/hmall/test/u0000000013895/main/first/561/1.jpg,NT$590,COL00
"男裝 Ines de la Fressange 印花T恤 457127  豐富尺碼 店取(店鋪庫存) XXL,3XL,4XL,M,L,XL WHITE,",/tw/zh_TW/product-detail.html?productCode=u0000000013605,https://www.uniqlo.com/tw/hmall/test/u0000000013605/main/first/561/1.jpg,NT$590,COL00
"男裝 SUPIMA COTTON圓領T恤(短袖) 465494  超值精選 店取(店鋪庫存) S,M,L,XL,XS,XXL,4XL YELLOW,PURPLE,",/tw/zh_TW/product-detail.html?productCode=u0000000020050,https://www.uniqlo.com/tw/hmall/test/u0000000020050/main/first/561/1.jpg,NT$290,"COL42,COL72"
"男裝 DRY-EX快乾T恤(短袖)(輕型) 473157  超值精選 店取(店鋪庫存) XS,S,M,L,XL,XXL,3XL ORANGE,BLUE,",/tw/zh_TW/product-detail.html?productCode=u0000000019929,https://www.uniqlo.com/tw/hmall/test/u0000000019929/main/first/561/1.jpg,NT$390,"COL24,COL67"
"男裝 HEATTECH圓領T恤(9分袖) 461003  超值精選 店取(店鋪庫存) S,M DARK,DARK,BLUE,",/tw/zh_TW/product-detail.html?productCode=u0000000018745,https://www.uniqlo.com/tw/hmall/test/u0000000018745/main/first/561/1.jpg,NT$290,"COL28,COL59,COL67"
"男裝 寬版條紋圓領T恤(五分袖) 472075  超值精選 店取(店鋪庫存) XS,S,M,L,XL,XXL,3XL,4XL BEIGE,",/tw/zh_TW/product-detail.html?productCode=u0000000020040,https://www.uniqlo.com/tw/hmall/test/u0000000020040/main/first/561/1.jpg,NT$390,COL32
"男裝 寬版條紋圓領T恤(五分袖) 473160  超值精選 店取(店鋪庫存) XS,S,M,L,XL,XXL,3XL,4XL WINE,",/tw/zh_TW/product-detail.html?productCode=u0000000020032,https://www.uniqlo.com/tw/hmall/test/u0000000020032/main/first/561/1.jpg,NT$390,COL18
"男裝 DRY-EX快乾防曬抗UV半開襟T恤(長袖) 472019  超值精選 店取(店鋪庫存) S,M,L,XL WHITE,BLUE,",/tw/zh_TW/product-detail.html?productCode=u0000000019582,https://www.uniqlo.com/tw/hmall/test/u0000000019582/main/first/561/1.jpg,NT$790,"COL00,COL67"
"男裝 DRY-EX快乾圓領T恤(短袖) 472020  超值精選 店取(店鋪庫存) S,M,XS WHITE,BLUE,",/tw/zh_TW/product-detail.html?productCode=u0000000019584,https://www.uniqlo.com/tw/hmall/test/u0000000019584/main/first/561/1.jpg,NT$590,"COL00,COL67"
"男裝 DRY-EX快乾V領T恤(短袖) 470849  超值精選 店取(店鋪庫存) S,XS GRAY,NAVY,",/tw/zh_TW/product-detail.html?productCode=u0000000019516,https://www.uniqlo.com/tw/hmall/test/u0000000019516/main/first/561/1.jpg,NT$290,"COL03,COL69"
"男裝 AIRism棉質休閒V領T恤(五分袖) 469361  超值精選 店取(店鋪庫存) S,M,XL,XS,L WHITE,DARK,BLACK,OLIVE,BLUE,BEIGE,",/tw/zh_TW/product-detail.html?productCode=u0000000019091,https://www.uniqlo.com/tw/hmall/test/u0000000019091/main/first/561/1.jpg,NT$390,"COL00,COL08,COL09,COL57,COL63,COL31"
"男裝 AIRism棉質條紋T恤(無袖) 470934  超值精選 店取(店鋪庫存) XS,S,M,L,XL,XXL,3XL OFF,DARK,",/tw/zh_TW/product-detail.html?productCode=u0000000019090,https://www.uniqlo.com/tw/hmall/test/u0000000019090/main/first/561/1.jpg,NT$290,"COL01,COL08"
"男裝 DRY-EX快乾T恤(短袖)(輕型) 467544  超值精選 店取(店鋪庫存) XS,S,M,L,XL,XXL,3XL,4XL LIGHT,BLACK,OLIVE,",/tw/zh_TW/product-detail.html?productCode=u0000000019054,https://www.uniqlo.com/tw/hmall/test/u0000000019054/main/first/561/1.jpg,NT$390,"COL02,COL09,COL56"
"男裝 Mickey Stands UT印花T恤(短袖) 468893  超值精選 店取(店鋪庫存) XS,M,L,XL,XXL,3XL,4XL WHITE,",/tw/zh_TW/product-detail.html?productCode=u0000000018485,https://www.uniqlo.com/tw/hmall/test/u0000000018485/main/first/561/1.jpg,NT$390,COL00
"男裝 Mickey Stands UT印花T恤(短袖) 468894  超值精選 店取(店鋪庫存) M,L BLACK,",/tw/zh_TW/product-detail.html?productCode=u0000000018489,https://www.uniqlo.com/tw/hmall/test/u0000000018489/main/first/561/1.jpg,NT$390,COL09
"男裝 Mickey Stands UT印花T恤(短袖) 468896  超值精選 店取(店鋪庫存) M,L BLUE,",/tw/zh_TW/product-detail.html?productCode=u0000000018492,https://www.uniqlo.com/tw/hmall/test/u0000000018492/main/first/561/1.jpg,NT$290,COL66
"男裝 Hokusai Remixed UT印花T恤(短袖) 468898  超值精選 店取(店鋪庫存) L,XL OFF,",/tw/zh_TW/product-detail.html?productCode=u0000000018264,https://www.uniqlo.com/tw/hmall/test/u0000000018264/main/first/561/1.jpg,NT$290,COL01
"男裝 New York POP ART Archive UT印花T恤(短袖) 466083  超值精選 店取(店鋪庫存) S,M,L,XL WHITE,",/tw/zh_TW/product-detail.html?productCode=u0000000018259,https://www.uniqlo.com/tw/hmall/test/u0000000018259/main/first/561/1.jpg,NT$290,COL00
"男裝 New York POP ART Archive UT印花T恤(短袖) 468824  超值精選 店取(店鋪庫存) S,L,XL BLACK,",/tw/zh_TW/product-detail.html?productCode=u0000000018251,https://www.uniqlo.com/tw/hmall/test/u0000000018251/main/first/561/1.jpg,NT$390,COL09
"男裝 New York POP ART Archive UT印花T恤(短袖) 469255  超值精選 店取(店鋪庫存) M WHITE,",/tw/zh_TW/product-detail.html?productCode=u0000000018267,https://www.uniqlo.com/tw/hmall/test/u0000000018267/main/first/561/1.jpg,NT$290,COL00
"男裝 New York POP ART Archive UT印花T恤(短袖) 469256  超值精選 店取(店鋪庫存) S,M,L,XL OLIVE,",/tw/zh_TW/product-detail.html?productCode=u0000000018252,https://www.uniqlo.com/tw/hmall/test/u0000000018252/main/first/561/1.jpg,NT$390,COL57
"男裝 New York POP ART Archive UT印花T恤(短袖) 469258  超值精選 店取(店鋪庫存) S,L BLACK,",/tw/zh_TW/product-detail.html?productCode=u0000000018269,https://www.uniqlo.com/tw/hmall/test/u0000000018269/main/first/561/1.jpg,NT$290,COL09
"男裝 New York POP ART Archive UT印花T恤(短袖) 469259  超值精選 店取(店鋪庫存) S,M,XL NAVY,",/tw/zh_TW/product-detail.html?productCode=u0000000018253,https://www.uniqlo.com/tw/hmall/test/u0000000018253/main/first/561/1.jpg,NT$390,COL69
"男裝 KAWS UT印花T恤(短袖) 467525  超值精選 店取(店鋪庫存) XS,S,M,XXL WHITE,",/tw/zh_TW/product-detail.html?productCode=u0000000017546,https://www.uniqlo.com/tw/hmall/test/u0000000017546/main/first/561/1.jpg,NT$290,COL00
"男裝 KAWS UT印花T恤(短袖) 467775  超值精選 店取(店鋪庫存) XS,S BLACK,",/tw/zh_TW/product-detail.html?productCode=u0000000017543,https://www.uniqlo.com/tw/hmall/test/u0000000017543/main/first/561/1.jpg,NT$290,COL09
"男裝 MAGIC FOR ALL Forever UT印花T恤(短袖) 467867  超值精選 店取(店鋪庫存) S WHITE,",/tw/zh_TW/product-detail.html?productCode=u0000000017776,https://www.uniqlo.com/tw/hmall/test/u0000000017776/main/first/561/1.jpg,NT$190,COL00
"男裝 MAGIC FOR ALL Forever UT印花T恤(短袖) 467868  超值精選 店取(店鋪庫存) S WHITE,",/tw/zh_TW/product-detail.html?productCode=u0000000017779,https://www.uniqlo.com/tw/hmall/test/u0000000017779/main/first/561/1.jpg,NT$190,COL00
"男裝 HEATTECH棉質EXTRA WARM極暖V領T恤(9分袖) 461009  超值精選 店取(店鋪庫存) S OFF,BLACK,",/tw/zh_TW/product-detail.html?productCode=u0000000017573,https://www.uniqlo.com/tw/hmall/test/u0000000017573/main/first/561/1.jpg,NT$390,"COL01,COL09"
"男裝 HEATTECH V領T恤(9分袖) 461004  超值精選 店取(店鋪庫存) S,M,XS WHITE,BLACK,BEIGE,",/tw/zh_TW/product-detail.html?productCode=u0000000017277,https://www.uniqlo.com/tw/hmall/test/u0000000017277/main/first/561/1.jpg,NT$290,"COL00,COL09,COL32"
"男裝 HEATTECH V領T恤(9分袖) 461214  超值精選 店取(店鋪庫存) XS,S,M WHITE,BLACK,",/tw/zh_TW/product-detail.html?productCode=u0000000017410,https://www.uniqlo.com/tw/hmall/test/u0000000017410/main/first/561/1.jpg,NT$290,"COL00,COL09"
"男裝 UT ARCHIVE UT印花T恤(短袖) 463150  超值精選 店取(店鋪庫存) XS,M,L,XL WHITE,",/tw/zh_TW/product-detail.html?productCode=u0000000017392,https://www.uniqlo.com/tw/hmall/test/u0000000017392/main/first/561/1.jpg,NT$290,COL00
"男裝 AIRism V領T恤(短袖) 454311  超值精選 店取(店鋪庫存) XS,S,M,L,XL WHITE,BLACK,",/tw/zh_TW/product-detail.html?productCode=u0000000015657,https://www.uniqlo.com/tw/hmall/test/u0000000015657/main/first/561/1.jpg,NT$190,"COL00,COL09"
"男裝 AIRism 圓領T恤(短袖) 454312  超值精選 店取(店鋪庫存) XS,S,M,L,XL WHITE,BLACK,NAVY,",/tw/zh_TW/product-detail.html?productCode=u0000000015677,https://www.uniqlo.com/tw/hmall/test/u0000000015677/main/first/561/1.jpg,NT$190,"COL00,COL09,COL69"
"男裝 AIRism棉質圓領T恤(短袖) 454315  超值精選 店取(店鋪庫存) S,M,XL,XXL,XS,L WHITE,GRAY,BLACK,BLUE,NAVY,GREEN,",/tw/zh_TW/product-detail.html?productCode=u0000000015695,https://www.uniqlo.com/tw/hmall/test/u0000000015695/main/first/561/1.jpg,NT$190,"COL00,COL03,COL09,COL65,COL69,COL51"
"男裝 AIRism圓領T恤(短袖) 456548  超值精選 店取(店鋪庫存) XS,L,3XL LIGHT,",/tw/zh_TW/product-detail.html?productCode=u0000000015661,https://www.uniqlo.com/tw/hmall/test/u0000000015661/main/first/561/1.jpg,NT$190,COL02
"男裝 SUPIMA COTTON圓領T恤(短袖) 461198  超值精選 店取(店鋪庫存) S,XL,L,XS,M /,/,/,/,/,/,",/tw/zh_TW/product-detail.html?productCode=u0000000015856,https://www.uniqlo.com/tw/hmall/test/u0000000015856/main/first/561/1.jpg,NT$290,"COL00,COL03,COL07,COL69,COL31,COL73"
"男裝 HEATTECH V領T恤(9分袖) 450528  超值精選 店取(店鋪庫存) S,XS WHITE,BLACK,",/tw/zh_TW/product-detail.html?productCode=u0000000014332,https://www.uniqlo.com/tw/hmall/test/u0000000014332/main/first/561/1.jpg,NT$290,"COL00,COL09"
"男裝 HEATTECH棉質 EXTRA WARM極暖V領T恤(9分袖) 450762  超值精選 店取(店鋪庫存) XS OFF,",/tw/zh_TW/product-detail.html?productCode=u0000000014426,https://www.uniqlo.com/tw/hmall/test/u0000000014426/main/first/561/1.jpg,NT$390,COL01
"男裝 HEATTECH V領T恤(9分袖) 451901  超值精選 店取(店鋪庫存) XS,S WHITE,",/tw/zh_TW/product-detail.html?productCode=u0000000014316,https://www.uniqlo.com/tw/hmall/test/u0000000014316/main/first/561/1.jpg,NT$290,COL00
"男裝 HEATTECH V領T恤 (9分袖) 441622  超值精選 店取(店鋪庫存) XS BLACK,",/tw/zh_TW/product-detail.html?productCode=u0000000010168,https://www.uniqlo.com/tw/hmall/test/u0000000010168/main/first/561/1.jpg,NT$290,COL09
