title,product_link,product_image_url,price,color_codes
"女裝 柔軟棉質洋裝(長袖)(附內襯) 470668  超值精選 店取(店鋪庫存) XS,S,M,L,XL BLACK,",/tw/zh_TW/product-detail.html?productCode=u0000000019706,https://www.uniqlo.com/tw/hmall/test/u0000000019706/main/first/561/1.jpg,NT$990,COL09
"女裝 柔軟棉質洋裝(長袖)(格紋)(附內襯) 470843  超值精選 店取(店鋪庫存) XS,S,M,L,XL DARK,BROWN,",/tw/zh_TW/product-detail.html?productCode=u0000000019704,https://www.uniqlo.com/tw/hmall/test/u0000000019704/main/first/561/1.jpg,NT$990,"COL08,COL34"
"女裝 DRY緞面洋裝(無袖) 469343  超值精選 店取(店鋪庫存) S,M,L BLACK,DARK,NAVY,",/tw/zh_TW/product-detail.html?productCode=u0000000019492,https://www.uniqlo.com/tw/hmall/test/u0000000019492/main/first/561/1.jpg,NT$790,"COL09,COL58,COL69"
"女裝 寬襬洋裝(長袖) 470882  9月上旬販售 新作商品 店取(店鋪庫存) XS,S,M,L,XL,XXL BLACK,",/tw/zh_TW/product-detail.html?productCode=u0000000020363,https://www.uniqlo.com/tw/hmall/test/u0000000020363/main/first/561/1.jpg,"NT$1,490",COL09
"女裝 附腰帶襯衫式洋裝(長袖) 470883  9月上旬販售 新作商品 店取(店鋪庫存) XS,S,M,L,XL,XXL GRAY,BEIGE,",/tw/zh_TW/product-detail.html?productCode=u0000000020368,https://www.uniqlo.com/tw/hmall/test/u0000000020368/main/first/561/1.jpg,"NT$1,490","COL07,COL31"
"女裝 柔軟舒膚寬擺洋裝(長袖) 470885  9月上旬販售 新作商品 店取(店鋪庫存) XS,S,M,L,XL,XXL GRAY,BLACK,BEIGE,",/tw/zh_TW/product-detail.html?productCode=u0000000020353,https://www.uniqlo.com/tw/hmall/test/u0000000020353/main/first/561/1.jpg,"NT$1,490","COL07,COL09,COL32"
"女裝 印花寬襬洋裝(長袖) 471656  9月上旬販售 新作商品 店取(店鋪庫存) XS,S,M,L,XL,XXL DARK,OLIVE,",/tw/zh_TW/product-detail.html?productCode=u0000000020377,https://www.uniqlo.com/tw/hmall/test/u0000000020377/main/first/561/1.jpg,"NT$1,490","COL38,COL56"
"女裝 附腰帶襯衫式洋裝(長袖)(格紋) 471658  9月上旬販售 新作商品 店取(店鋪庫存) XS,S,M,L,XL,XXL BLUE,",/tw/zh_TW/product-detail.html?productCode=u0000000020369,https://www.uniqlo.com/tw/hmall/test/u0000000020369/main/first/561/1.jpg,"NT$1,490",COL65
"女裝 印花寬襬洋裝(無袖) 472609  9月上旬販售 新作商品 店取(店鋪庫存) XS,S,M,L,XL,XXL OFF,PINK,NAVY,",/tw/zh_TW/product-detail.html?productCode=u0000000020390,https://www.uniqlo.com/tw/hmall/test/u0000000020390/main/first/561/1.jpg,"NT$1,490","COL01,COL10,COL69"
"女裝 附腰帶襯衫式洋裝(長袖)(格紋) 473346  9月上旬販售 新作商品 店取(店鋪庫存) XS,S,M,L,XL,XXL BROWN,",/tw/zh_TW/product-detail.html?productCode=u0000000020355,https://www.uniqlo.com/tw/hmall/test/u0000000020355/main/first/561/1.jpg,"NT$1,490",COL36
"女裝 磨毛洋裝(長袖) 469345  8月下旬販售 新作商品 店取(店鋪庫存) S,M,L DARK,BEIGE,OLIVE,",/tw/zh_TW/product-detail.html?productCode=u0000000020193,https://www.uniqlo.com/tw/hmall/test/u0000000020193/main/first/561/1.jpg,NT$990,"COL08,COL31,COL56"
"女裝 拼接洋裝(長袖) 469341  再生材質 店取(店鋪庫存) S,M,L BLACK,BEIGE,BROWN,DARK,",/tw/zh_TW/product-detail.html?productCode=u0000000019942,https://www.uniqlo.com/tw/hmall/test/u0000000019942/main/first/561/1.jpg,"NT$1,290","COL09,COL32,COL36,COL59"
"女裝 澎袖洋裝(短袖) 469338  再生材質 店取(店鋪庫存) S,M,L BLACK,BROWN,",/tw/zh_TW/product-detail.html?productCode=u0000000019496,https://www.uniqlo.com/tw/hmall/test/u0000000019496/main/first/561/1.jpg,"NT$1,290","COL09,COL36"
"女裝 蕾絲針織洋裝(短袖)(附內襯) 469346  豐富尺碼 店取(店鋪庫存) XS,S,M,L,XL,XXL OFF,BLACK,GREEN,",/tw/zh_TW/product-detail.html?productCode=u0000000019569,https://www.uniqlo.com/tw/hmall/test/u0000000019569/main/first/561/1.jpg,"NT$1,290","COL01,COL09,COL55"
"女裝 AIRism棉質洋裝(短袖) 464784  豐富尺碼 店取(店鋪庫存) XS,S,M,L,XL,XXL DARK,BLACK,PURPLE,",/tw/zh_TW/product-detail.html?productCode=u0000000018462,https://www.uniqlo.com/tw/hmall/test/u0000000018462/main/first/561/1.jpg,NT$790,"COL08,COL09,COL71"
"女裝 AIRism特級彈性洋裝(無袖) 464785  豐富尺碼 店取(店鋪庫存) S,M,L,XXL,XS OFF,BLACK,BEIGE,LIGHT,NAVY,BROWN,GREEN,",/tw/zh_TW/product-detail.html?productCode=u0000000018461,https://www.uniqlo.com/tw/hmall/test/u0000000018461/main/first/561/1.jpg,NT$790,"COL01,COL09,COL31,COL50,COL69,COL35,COL55"
"女裝 洋裝細皮帶 470034  店取(店鋪庫存) M,L BLACK,DARK,",/tw/zh_TW/product-detail.html?productCode=u0000000019491,https://www.uniqlo.com/tw/hmall/test/u0000000019491/main/first/561/1.jpg,NT$990,"COL09,COL39"
"女裝 印花澎袖洋裝(短袖) 470841  店取(店鋪庫存) S,M,L OFF,GREEN,",/tw/zh_TW/product-detail.html?productCode=u0000000019502,https://www.uniqlo.com/tw/hmall/test/u0000000019502/main/first/561/1.jpg,"NT$1,290","COL01,COL55"
"女裝 洋裝細皮帶 464471  店取(店鋪庫存) L BLACK,",/tw/zh_TW/product-detail.html?productCode=u0000000018183,https://www.uniqlo.com/tw/hmall/test/u0000000018183/main/first/561/1.jpg,NT$990,COL09
"女裝 洋裝細皮帶 461042  店取(店鋪庫存) M,L BLACK,",/tw/zh_TW/product-detail.html?productCode=u0000000016892,https://www.uniqlo.com/tw/hmall/test/u0000000016892/main/first/561/1.jpg,NT$990,COL09
"女裝 AIRism棉質洋裝(短袖) 464784  超值精選 店取(店鋪庫存) S,L PINK,",/tw/zh_TW/product-detail.html?productCode=u0000000019906,https://www.uniqlo.com/tw/hmall/test/u0000000019906/main/first/561/1.jpg,NT$590,COL12
"女裝 刺繡洋裝(短袖)(附內襯) 470844  超值精選 店取(店鋪庫存) S,M,L WHITE,BLACK,",/tw/zh_TW/product-detail.html?productCode=u0000000019495,https://www.uniqlo.com/tw/hmall/test/u0000000019495/main/first/561/1.jpg,NT$990,"COL00,COL09"
"女裝 V領寬襬洋裝(無袖) 466575  超值精選 店取(店鋪庫存) S,M BLUE,",/tw/zh_TW/product-detail.html?productCode=u0000000019418,https://www.uniqlo.com/tw/hmall/test/u0000000019418/main/first/561/1.jpg,NT$590,COL68
"女裝 泡泡紗附腰帶洋裝(無袖) 467115  超值精選 店取(店鋪庫存) XL,XXL WHITE,",/tw/zh_TW/product-detail.html?productCode=u0000000019356,https://www.uniqlo.com/tw/hmall/test/u0000000019356/main/first/561/1.jpg,NT$990,COL00
"女裝 3D織法羅紋洋裝(無袖) 465903  超值精選 店取(店鋪庫存) M ORANGE,",/tw/zh_TW/product-detail.html?productCode=u0000000019290,https://www.uniqlo.com/tw/hmall/test/u0000000019290/main/first/561/1.jpg,NT$990,COL24
"女裝 印花綁帶式洋裝(無袖) 467300  超值精選 店取(店鋪庫存) XL BLUE,",/tw/zh_TW/product-detail.html?productCode=u0000000019291,https://www.uniqlo.com/tw/hmall/test/u0000000019291/main/first/561/1.jpg,NT$990,COL63
"女裝 抓皺挖背洋裝(短袖) 466758  超值精選 店取(店鋪庫存) L,M OFF,PINK,",/tw/zh_TW/product-detail.html?productCode=u0000000018994,https://www.uniqlo.com/tw/hmall/test/u0000000018994/main/first/561/1.jpg,NT$390,"COL01,COL10"
"女裝 輕型棉質洋裝(無袖)(附內襯) 466046  超值精選 店取(店鋪庫存) M,L NAVY,",/tw/zh_TW/product-detail.html?productCode=u0000000018823,https://www.uniqlo.com/tw/hmall/test/u0000000018823/main/first/561/1.jpg,NT$790,COL69
"女裝 BRATOP細肩帶洋裝 464793  超值精選 店取(店鋪庫存) L,XL BLACK,ORANGE,CREAM,",/tw/zh_TW/product-detail.html?productCode=u0000000018815,https://www.uniqlo.com/tw/hmall/test/u0000000018815/main/first/561/1.jpg,NT$590,"COL09,COL26,COL40"
"女裝 亞麻混紡細肩帶洋裝 464772  超值精選 店取(店鋪庫存) M,L ORANGE,BEIGE,",/tw/zh_TW/product-detail.html?productCode=u0000000019035,https://www.uniqlo.com/tw/hmall/test/u0000000019035/main/first/561/1.jpg,NT$390,"COL27,COL31"
"女裝 棉質細肩帶洋裝 464783  超值精選 店取(店鋪庫存) L,S,M WHITE,BLACK,BEIGE,BLUE,",/tw/zh_TW/product-detail.html?productCode=u0000000018806,https://www.uniqlo.com/tw/hmall/test/u0000000018806/main/first/561/1.jpg,NT$990,"COL00,COL09,COL31,COL67"
"女裝 細褶洋裝(無袖) 464787  超值精選 店取(店鋪庫存) S LIGHT,",/tw/zh_TW/product-detail.html?productCode=u0000000019031,https://www.uniqlo.com/tw/hmall/test/u0000000019031/main/first/561/1.jpg,NT$390,COL02
"女裝 細褶細肩帶洋裝 466757  超值精選 店取(店鋪庫存) S,M,L BLACK,RED,BLUE,",/tw/zh_TW/product-detail.html?productCode=u0000000018987,https://www.uniqlo.com/tw/hmall/test/u0000000018987/main/first/561/1.jpg,NT$290,"COL09,COL15,COL61"
"女裝 輕型棉質洋裝(無袖)(附內襯) 464777  超值精選 店取(店鋪庫存) S,M,XL,L ORANGE,GREEN,BLACK,",/tw/zh_TW/product-detail.html?productCode=u0000000018643,https://www.uniqlo.com/tw/hmall/test/u0000000018643/main/first/561/1.jpg,NT$790,"COL26,COL54,COL09"
