title,product_link,product_image_url,price,color_codes
"男裝 特級彈性DRY-EX快乾短褲 465207  限時特優 豐富尺碼 再生材質 店取(店鋪庫存) S,M,L,XL,XXL,3XL,4XL,XS LIGHT,DARK,BLACK,BEIGE,BLUE,",/tw/zh_TW/product-detail.html?productCode=u0000000018825,https://www.uniqlo.com/tw/hmall/test/u0000000018825/main/first/561/1.jpg,NT$590,"COL02,COL08,COL09,COL32,COL67"
"男裝 工裝短褲(多口袋) 469053  限時特優 豐富尺碼 店取(店鋪庫存) XS,S,M,L,XL,XXL,3XL KHAKI,OLIVE,OFF,BLACK,",/tw/zh_TW/product-detail.html?productCode=u0000000018701,https://www.uniqlo.com/tw/hmall/test/u0000000018701/main/first/561/1.jpg,NT$590,"COL33,COL56,COL01,COL09"
"男裝 工裝短褲(牛仔) 471310  限時特優 店取(店鋪庫存) M,L,XL BLUE,",/tw/zh_TW/product-detail.html?productCode=u0000000018700,https://www.uniqlo.com/tw/hmall/test/u0000000018700/main/first/561/1.jpg,NT$590,COL67
"男裝 錐形九分牛仔褲 470539  限時特優 修改褲長 店取(店鋪庫存) XS,S,M,L,XL,XXL,3XL GRAY,BLUE,BLUE,",/tw/zh_TW/product-detail.html?productCode=u0000000019948,https://www.uniqlo.com/tw/hmall/test/u0000000019948/main/first/561/1.jpg,NT$990,"COL06,COL62,COL66"
"男裝 錐形九分牛仔褲 476159  限時特優 豐富尺碼 修改褲長 店取(店鋪庫存) XS,S,M,L,XL,XXL BLUE,GRAY,",/tw/zh_TW/product-detail.html?productCode=u0000000019676,https://www.uniqlo.com/tw/hmall/test/u0000000019676/main/first/561/1.jpg,NT$990,"COL62,COL06"
"男裝 錐形九分牛仔褲(寬版) 463970  限時特優 豐富尺碼 修改褲長 店取(店鋪庫存) S,M,L,XL,XXL,3XL BLUE,GRAY,",/tw/zh_TW/product-detail.html?productCode=u0000000018460,https://www.uniqlo.com/tw/hmall/test/u0000000018460/main/first/561/1.jpg,NT$990,"COL62,COL06"
"男裝 特級彈性Skinny Fit牛仔褲 463905  超值精選 修改褲長 店取(店鋪庫存) 27inch,28inch,29inch,30inch,31inch,32inch,33inch,34inch,35inch,36inch,38inch,40inch BLUE,BLUE,",/tw/zh_TW/product-detail.html?productCode=u0000000020052,https://www.uniqlo.com/tw/hmall/test/u0000000020052/main/first/561/1.jpg,NT$590,"COL61,COL68"
"男裝 棉質條紋平口內褲 461467 476261  店取(店鋪庫存) 0001111333 M,L,XL,XXL,3XL,S /,/,",/tw/zh_TW/product-detail.html?productCode=u0000000019796,https://www.uniqlo.com/tw/hmall/test/u0000000019796/main/first/561/1.jpg,NT$200,"COL03,COL18"
"男裝 棉質印花平口內褲(低腰) 466743  豐富尺碼 店取(店鋪庫存) 0001111333 M,L,XL OLIVE,",/tw/zh_TW/product-detail.html?productCode=u0000000018440,https://www.uniqlo.com/tw/hmall/test/u0000000018440/main/first/561/1.jpg,NT$200,COL56
"男裝 棉質印花平口內褲 466740  豐富尺碼 店取(店鋪庫存) 0001111333 M,L,XL,3XL GRAY,BLACK,",/tw/zh_TW/product-detail.html?productCode=u0000000018438,https://www.uniqlo.com/tw/hmall/test/u0000000018438/main/first/561/1.jpg,NT$200,"COL04,COL09"
"男裝 棉質印花平口內褲(低腰) 466744  豐富尺碼 店取(店鋪庫存) 0001111333 M,L,XL GRAY,BLUE,",/tw/zh_TW/product-detail.html?productCode=u0000000018441,https://www.uniqlo.com/tw/hmall/test/u0000000018441/main/first/561/1.jpg,NT$200,"COL03,COL68"
"男裝 棉質印花平口內褲 466742  豐富尺碼 店取(店鋪庫存) 0001111333 S,M,L,XL OLIVE,BLUE,",/tw/zh_TW/product-detail.html?productCode=u0000000018439,https://www.uniqlo.com/tw/hmall/test/u0000000018439/main/first/561/1.jpg,NT$200,"COL56,COL68"
"男裝 棉質條紋平口內褲 466738  豐富尺碼 店取(店鋪庫存) 0001111333 M,L,XL,XXL,S GRAY,WINE,",/tw/zh_TW/product-detail.html?productCode=u0000000018425,https://www.uniqlo.com/tw/hmall/test/u0000000018425/main/first/561/1.jpg,NT$200,"COL03,COL18"
"男裝 印花四角褲 466750  豐富尺碼 店取(店鋪庫存) 0001111333 S,M,XL BLACK,BLUE,",/tw/zh_TW/product-detail.html?productCode=u0000000018515,https://www.uniqlo.com/tw/hmall/test/u0000000018515/main/first/561/1.jpg,NT$200,"COL09,COL62"
"男裝 棉質平口內褲(低腰) 475099 / 464312 / 461017 469990  新作商品 店取(店鋪庫存) 0001111333 S,M,L,XL,XXL,3XL,4XL /,/,/,",/tw/zh_TW/product-detail.html?productCode=u0000000019648,https://www.uniqlo.com/tw/hmall/test/u0000000019648/main/first/561/1.jpg,NT$200,"COL03,COL09,COL69"
"男裝 四角褲 464313 469991  再生材質 店取(店鋪庫存) 0001111333 S,M,L,XL,XXL,3XL,4XL /,/,/,,",/tw/zh_TW/product-detail.html?productCode=u0000000019654,https://www.uniqlo.com/tw/hmall/test/u0000000019654/main/first/561/1.jpg,NT$200,"COL61,COL69,COL06,COL07"
"男裝 棉質條紋平口內褲 471506  店取(店鋪庫存) 0001111333 S,M,L,XL,XXL,3XL,4XL GRAY,BLUE,",/tw/zh_TW/product-detail.html?productCode=u0000000019642,https://www.uniqlo.com/tw/hmall/test/u0000000019642/main/first/561/1.jpg,NT$200,"COL03,COL67"
"男裝 棉質印花平口內褲 471508  店取(店鋪庫存) 0001111333 S,M,L,XL,XXL,3XL,4XL GRAY,RED,",/tw/zh_TW/product-detail.html?productCode=u0000000019643,https://www.uniqlo.com/tw/hmall/test/u0000000019643/main/first/561/1.jpg,NT$200,"COL06,COL17"
"男裝 棉質印花平口內褲 471509  店取(店鋪庫存) 0001111333 S,M,L,XL,XXL,3XL,4XL DARK,BLUE,",/tw/zh_TW/product-detail.html?productCode=u0000000019634,https://www.uniqlo.com/tw/hmall/test/u0000000019634/main/first/561/1.jpg,NT$200,"COL08,COL68"
"男裝 棉質印花平口內褲(低腰) 471511  店取(店鋪庫存) 0001111333 S,M,L,XL,XXL,3XL,4XL GRAY,NAVY,",/tw/zh_TW/product-detail.html?productCode=u0000000019638,https://www.uniqlo.com/tw/hmall/test/u0000000019638/main/first/561/1.jpg,NT$200,"COL05,COL69"
"男裝 條紋四角褲 466745 471513  豐富尺碼 店取(店鋪庫存) 0001111333 S,M,L,XL,3XL /,/,",/tw/zh_TW/product-detail.html?productCode=u0000000019655,https://www.uniqlo.com/tw/hmall/test/u0000000019655/main/first/561/1.jpg,NT$200,"COL64,COL68"
"男裝 格紋四角褲 466748 471514  豐富尺碼 店取(店鋪庫存) 0001111333 M,L,XL,3XL,4XL,S,XXL /,/,",/tw/zh_TW/product-detail.html?productCode=u0000000019651,https://www.uniqlo.com/tw/hmall/test/u0000000019651/main/first/561/1.jpg,NT$200,"COL02,COL67"
"男裝 格紋四角褲 471515  店取(店鋪庫存) 0001111333 S,M,L,XL,XXL,4XL,3XL DARK,BEIGE,",/tw/zh_TW/product-detail.html?productCode=u0000000019637,https://www.uniqlo.com/tw/hmall/test/u0000000019637/main/first/561/1.jpg,NT$200,"COL08,COL32"
"男裝 印花四角褲 471517  店取(店鋪庫存) 0001111333 S,M,L,XL,XXL,3XL,4XL DARK,NAVY,",/tw/zh_TW/product-detail.html?productCode=u0000000019656,https://www.uniqlo.com/tw/hmall/test/u0000000019656/main/first/561/1.jpg,NT$200,"COL58,COL69"
"男裝 條紋四角褲 472632  店取(店鋪庫存) 0001111333 S,M,L,XL,XXL,3XL,4XL BEIGE,BLUE,",/tw/zh_TW/product-detail.html?productCode=u0000000019631,https://www.uniqlo.com/tw/hmall/test/u0000000019631/main/first/561/1.jpg,NT$200,"COL31,COL61"
"男裝 印花四角褲 466749 471516  豐富尺碼 店取(店鋪庫存) 0001111333 S,M,L,XL,3XL,4XL,XXL /,/,/,",/tw/zh_TW/product-detail.html?productCode=u0000000019659,https://www.uniqlo.com/tw/hmall/test/u0000000019659/main/first/561/1.jpg,NT$200,"COL91,COL63,COL06"
"男裝 針織四角褲 466751 471518  豐富尺碼 店取(店鋪庫存) 0001111333 S,M,L,XL,XXL,3XL /,/,",/tw/zh_TW/product-detail.html?productCode=u0000000019660,https://www.uniqlo.com/tw/hmall/test/u0000000019660/main/first/561/1.jpg,NT$200,"COL08,COL09"
"男裝 棉質平口內褲 464311 / 475785 469989  新作商品 店取(店鋪庫存) 0001111333 S,M,L,XL,XXL,3XL,4XL /,/,/,/,/,/,",/tw/zh_TW/product-detail.html?productCode=u0000000019647,https://www.uniqlo.com/tw/hmall/test/u0000000019647/main/first/561/1.jpg,NT$200,"COL07,COL09,COL69,COL05,COL19,COL65"
"男裝 棉質條紋平口內褲 466739 471507  再生材質 店取(店鋪庫存) 0001111333 S,M,L,XL,XXL,3XL,4XL /,/,/,",/tw/zh_TW/product-detail.html?productCode=u0000000019633,https://www.uniqlo.com/tw/hmall/test/u0000000019633/main/first/561/1.jpg,NT$200,"COL09,COL69,COL08"
"男裝 圓點四角褲 461490  豐富尺碼 店取(店鋪庫存) 0001111333 S,M,L,XL 91,",/tw/zh_TW/product-detail.html?productCode=u0000000016980,https://www.uniqlo.com/tw/hmall/test/u0000000016980/main/first/561/1.jpg,NT$200,COL91
"男裝 棉質平口內褲 463567  豐富尺碼 店取(店鋪庫存) 0001111333 M,L,XL,S,3XL GRAY,GRAY,BLACK,NAVY,",/tw/zh_TW/product-detail.html?productCode=u0000000016944,https://www.uniqlo.com/tw/hmall/test/u0000000016944/main/first/561/1.jpg,NT$200,"COL05,COL07,COL09,COL69"
"男裝 棉質平口內褲 461016  豐富尺碼 店取(店鋪庫存) 0001111333 S,3XL,M,L,XL GRAY,GRAY,BLACK,NAVY,",/tw/zh_TW/product-detail.html?productCode=u0000000017048,https://www.uniqlo.com/tw/hmall/test/u0000000017048/main/first/561/1.jpg,NT$200,"COL05,COL07,COL09,COL69"
"男裝 四角褲 461018  豐富尺碼 店取(店鋪庫存) 0001111333 M,L,XL,S GRAY,BLUE,NAVY,",/tw/zh_TW/product-detail.html?productCode=u0000000017021,https://www.uniqlo.com/tw/hmall/test/u0000000017021/main/first/561/1.jpg,NT$200,"COL06,COL61,COL69"
"男裝 條紋四角褲 461488  豐富尺碼 店取(店鋪庫存) 0001111333 XL,S,M,L BLUE,BLUE,",/tw/zh_TW/product-detail.html?productCode=u0000000017050,https://www.uniqlo.com/tw/hmall/test/u0000000017050/main/first/561/1.jpg,NT$200,"COL64,COL68"
"男裝 HEATTECH ULTRA WARM超極暖緊身褲 469988  9月中旬販售 新作商品 店取(店鋪庫存) XS,S,M,L,XL,XXL,3XL,4XL DARK,BLACK,",/tw/zh_TW/product-detail.html?productCode=u0000000020342,https://www.uniqlo.com/tw/hmall/test/u0000000020342/main/first/561/1.jpg,NT$990,"COL08,COL09"
"男裝 燈芯絨舒適九分褲 471279  9月中旬販售 新作商品 店取(店鋪庫存) S,M,L,XL OFF,BLACK,BROWN,OLIVE,",/tw/zh_TW/product-detail.html?productCode=u0000000020339,https://www.uniqlo.com/tw/hmall/test/u0000000020339/main/first/561/1.jpg,NT$790,"COL01,COL09,COL35,COL57"
"男裝 HEATTECH 毛絨休閒長褲 469966  9月上旬販售 新作商品 店取(店鋪庫存) XS,S,M,L,XL,XXL,3XL,4XL GRAY,BLACK,BROWN,NAVY,",/tw/zh_TW/product-detail.html?productCode=u0000000020314,https://www.uniqlo.com/tw/hmall/test/u0000000020314/main/first/561/1.jpg,NT$990,"COL07,COL09,COL37,COL69"
"男裝 合身牛仔褲 471678  9月上旬販售 新作商品 店取(店鋪庫存) 28inch,29inch,30inch,31inch,32inch,33inch,34inch,35inch DARK,BLUE,",/tw/zh_TW/product-detail.html?productCode=u0000000020372,https://www.uniqlo.com/tw/hmall/test/u0000000020372/main/first/561/1.jpg,"NT$1,490","COL08,COL67"
"男裝 寬版錐形褲 471934  9月上旬販售 新作商品 店取(店鋪庫存) XS,S,M,L,XL,XXL BLACK,PINK,GREEN,",/tw/zh_TW/product-detail.html?productCode=u0000000020382,https://www.uniqlo.com/tw/hmall/test/u0000000020382/main/first/561/1.jpg,"NT$1,290","COL09,COL12,COL55"
"男裝 HEATTECH 保暖休閒長褲 463965  9月上旬販售 新作商品 店取(店鋪庫存) XS,S,M,L,XL,XXL,3XL DARK,BLACK,BEIGE,OLIVE,",/tw/zh_TW/product-detail.html?productCode=u0000000020260,https://www.uniqlo.com/tw/hmall/test/u0000000020260/main/first/561/1.jpg,"NT$1,490","COL08,COL09,COL31,COL57"
"男裝 HEATTECH 保暖彈性休閒長褲 463968  9月上旬販售 新作商品 店取(店鋪庫存) S,M,L,XL GRAY,BLACK,BEIGE,NAVY,",/tw/zh_TW/product-detail.html?productCode=u0000000020268,https://www.uniqlo.com/tw/hmall/test/u0000000020268/main/first/561/1.jpg,"NT$1,490","COL07,COL09,COL31,COL69"
"男裝 休閒長褲(側線) 474991  8月下旬販售 新作商品 店取(店鋪庫存) XS,S,M,L,XL,XXL,3XL,4XL DARK,BLACK,",/tw/zh_TW/product-detail.html?productCode=u0000000020267,https://www.uniqlo.com/tw/hmall/test/u0000000020267/main/first/561/1.jpg,NT$990,"COL08,COL09"
"男裝 休閒長褲(側線)(稍長) 474992  8月下旬販售 新作商品 店取(店鋪庫存) XS,S,M,L,XL,XXL,3XL,4XL DARK,BLACK,",/tw/zh_TW/product-detail.html?productCode=u0000000020274,https://www.uniqlo.com/tw/hmall/test/u0000000020274/main/first/561/1.jpg,NT$990,"COL08,COL09"
"男裝 休閒長褲(側線) 469931  新作商品 店取(店鋪庫存) XS,S,M,L,XL,XXL,3XL,4XL BLACK,BLUE,",/tw/zh_TW/product-detail.html?productCode=u0000000020083,https://www.uniqlo.com/tw/hmall/test/u0000000020083/main/first/561/1.jpg,NT$990,"COL09,COL68"
"男裝 休閒長褲(稍長) 469932  網路販售 新作商品 店取(店鋪庫存) S,M,L,XL,XXL,3XL,4XL GRAY,BLACK,NAVY,",/tw/zh_TW/product-detail.html?productCode=u0000000020065,https://www.uniqlo.com/tw/hmall/test/u0000000020065/main/first/561/1.jpg,NT$990,"COL05,COL09,COL69"
"男裝 休閒長褲(側線)(稍長) 469933  網路販售 新作商品 店取(店鋪庫存) S,M,L,XL,XXL,3XL,4XL BLACK,BLUE,",/tw/zh_TW/product-detail.html?productCode=u0000000020101,https://www.uniqlo.com/tw/hmall/test/u0000000020101/main/first/561/1.jpg,NT$990,"COL09,COL68"
"男裝 HEATTECH 緊身褲 469986  新作商品 店取(店鋪庫存) XS,S,M,L,XL,XXL,3XL,4XL DARK,BLACK,",/tw/zh_TW/product-detail.html?productCode=u0000000020112,https://www.uniqlo.com/tw/hmall/test/u0000000020112/main/first/561/1.jpg,NT$590,"COL08,COL09"
"男裝 HEATTECH 棉質EXTRA WARM極暖緊身褲 469987  8月下旬販售 新作商品 店取(店鋪庫存) XS,S,M,L,XL,XXL,3XL,4XL BLACK,",/tw/zh_TW/product-detail.html?productCode=u0000000020197,https://www.uniqlo.com/tw/hmall/test/u0000000020197/main/first/561/1.jpg,NT$790,COL09
"男裝 HEATTECH 棉質EXTRA WARM極暖緊身褲 471525  8月下旬販售 新作商品 店取(店鋪庫存) XS,S,M,L,XL,XXL,3XL,4XL DARK,",/tw/zh_TW/product-detail.html?productCode=u0000000020209,https://www.uniqlo.com/tw/hmall/test/u0000000020209/main/first/561/1.jpg,NT$790,COL08
"男裝 打褶寬褲 470601  新作商品 修改褲長 店取(店鋪庫存) S,M,XL,L GRAY,BLACK,BEIGE,NAVY,",/tw/zh_TW/product-detail.html?productCode=u0000000020039,https://www.uniqlo.com/tw/hmall/test/u0000000020039/main/first/561/1.jpg,NT$990,"COL06,COL09,COL32,COL69"
"男裝 打褶寬褲(人字紋) 472498  新作商品 修改褲長 店取(店鋪庫存) S,M,L,XL GRAY,",/tw/zh_TW/product-detail.html?productCode=u0000000020037,https://www.uniqlo.com/tw/hmall/test/u0000000020037/main/first/561/1.jpg,NT$990,COL07
"男裝 打褶寬褲(千鳥格) 473228  新作商品 修改褲長 店取(店鋪庫存) S,M,L,XL DARK,",/tw/zh_TW/product-detail.html?productCode=u0000000020043,https://www.uniqlo.com/tw/hmall/test/u0000000020043/main/first/561/1.jpg,NT$990,COL38
"男裝 打褶寬褲(斜紋磨毛) 474037  新作商品 修改褲長 店取(店鋪庫存) XS,S,M,L,XL,XXL,3XL DARK,NAVY,",/tw/zh_TW/product-detail.html?productCode=u0000000020004,https://www.uniqlo.com/tw/hmall/test/u0000000020004/main/first/561/1.jpg,NT$990,"COL08,COL69"
"男裝 Slim Fit牛仔褲 463906  超值精選 修改褲長 店取(店鋪庫存) 27inch,28inch,29inch,30inch,31inch,32inch,33inch,34inch,35inch,36inch,40inch BLUE,",/tw/zh_TW/product-detail.html?productCode=u0000000020348,https://www.uniqlo.com/tw/hmall/test/u0000000020348/main/first/561/1.jpg,NT$990,COL63
"男裝 特級彈性Skinny Fit多色牛仔褲 463901  超值精選 修改褲長 店取(店鋪庫存) S,M,L,XL,XXL WHITE,BLUE,",/tw/zh_TW/product-detail.html?productCode=u0000000019982,https://www.uniqlo.com/tw/hmall/test/u0000000019982/main/first/561/1.jpg,NT$390,"COL00,COL67"
"男裝 防潑水多口袋機能長褲 463981  修改褲長 店取(店鋪庫存) XS,S,M,L,XL,XXL,3XL BLACK,BEIGE,OLIVE,",/tw/zh_TW/product-detail.html?productCode=u0000000020008,https://www.uniqlo.com/tw/hmall/test/u0000000020008/main/first/561/1.jpg,"NT$1,290","COL09,COL31,COL57"
"男裝 EZY特級彈性牛仔褲 463972  超值精選 修改褲長 店取(店鋪庫存) XS,S,M,L,XL BLUE,",/tw/zh_TW/product-detail.html?productCode=u0000000020192,https://www.uniqlo.com/tw/hmall/test/u0000000020192/main/first/561/1.jpg,NT$590,COL68
"男裝 錐形九分牛仔褲(寬版) 463970  超值精選 修改褲長 店取(店鋪庫存) S,M,L,XL,XXL OFF,",/tw/zh_TW/product-detail.html?productCode=u0000000020191,https://www.uniqlo.com/tw/hmall/test/u0000000020191/main/first/561/1.jpg,NT$590,COL01
"男裝 亞麻混紡休閒長褲 463857  超值精選 修改褲長 店取(店鋪庫存) XS,S,L,XL,M OLIVE,BLUE,",/tw/zh_TW/product-detail.html?productCode=u0000000020189,https://www.uniqlo.com/tw/hmall/test/u0000000020189/main/first/561/1.jpg,NT$590,"COL56,COL64"
"男裝 防潑水多口袋機能短褲 463871  再生材質 店取(店鋪庫存) XS,S,M,L,XL,XXL,3XL WINE,BLUE,",/tw/zh_TW/product-detail.html?productCode=u0000000019947,https://www.uniqlo.com/tw/hmall/test/u0000000019947/main/first/561/1.jpg,NT$790,"COL19,COL67"
"男裝 彈性機能Active休閒長褲 470602  修改褲長 店取(店鋪庫存) XS,S,M,L,XXL,XL,3XL GRAY,DARK,BLACK,BEIGE,",/tw/zh_TW/product-detail.html?productCode=u0000000019944,https://www.uniqlo.com/tw/hmall/test/u0000000019944/main/first/561/1.jpg,"NT$1,290","COL03,COL08,COL09,COL31"
"男裝 特級彈性Skinny Fit牛仔褲 461701  超值精選 修改褲長 店取(店鋪庫存) 27inch,28inch,29inch,30inch BLUE,",/tw/zh_TW/product-detail.html?productCode=u0000000020059,https://www.uniqlo.com/tw/hmall/test/u0000000020059/main/first/561/1.jpg,NT$590,COL68
"男裝 合身牛仔褲 470528  修改褲長 店取(店鋪庫存) 28inch,29inch,30inch,31inch,32inch,33inch,34inch,35inch,36inch BLUE,",/tw/zh_TW/product-detail.html?productCode=u0000000019739,https://www.uniqlo.com/tw/hmall/test/u0000000019739/main/first/561/1.jpg,"NT$1,290",COL65
"男裝 寬版直筒牛仔褲 470542  豐富尺碼 修改褲長 店取(店鋪庫存) 27inch,28inch,29inch,30inch,31inch,32inch,33inch,34inch,35inch,36inch,38inch,40inch,44inch OFF,DARK,BLUE,BLUE,",/tw/zh_TW/product-detail.html?productCode=u0000000019893,https://www.uniqlo.com/tw/hmall/test/u0000000019893/main/first/561/1.jpg,"NT$1,290","COL01,COL08,COL64,COL68"
"男裝 休閒工裝九分褲 473177  男女適穿 豐富尺碼 店取(店鋪庫存) XS,S,M,L,XL,XXL,3XL OFF,DARK,BLACK,OLIVE,",/tw/zh_TW/product-detail.html?productCode=u0000000019876,https://www.uniqlo.com/tw/hmall/test/u0000000019876/main/first/561/1.jpg,NT$790,"COL01,COL08,COL09,COL56"
"男裝 休閒長褲 469930  豐富尺碼 店取(店鋪庫存) XS,S,M,L,XL,XXL,3XL,4XL BLACK,NAVY,GRAY,",/tw/zh_TW/product-detail.html?productCode=u0000000019632,https://www.uniqlo.com/tw/hmall/test/u0000000019632/main/first/561/1.jpg,NT$990,"COL09,COL69,COL05"
"男裝 特級彈性緊身多色牛仔褲 470513  再生材質 修改褲長 店取(店鋪庫存) XS,S,M,L,XL,XXL,3XL BLACK,BEIGE,DARK,OLIVE,",/tw/zh_TW/product-detail.html?productCode=u0000000019644,https://www.uniqlo.com/tw/hmall/test/u0000000019644/main/first/561/1.jpg,NT$990,"COL09,COL32,COL38,COL57"
"男裝 特級彈性緊身多色牛仔褲(稍長) 470514  再生材質 修改褲長 店取(店鋪庫存) S,M,L,XL BLACK,BEIGE,DARK,OLIVE,",/tw/zh_TW/product-detail.html?productCode=u0000000019665,https://www.uniqlo.com/tw/hmall/test/u0000000019665/main/first/561/1.jpg,NT$990,"COL09,COL32,COL38,COL57"
"男裝 合身刷破牛仔褲 470529  修改褲長 店取(店鋪庫存) 28inch,29inch,30inch,31inch,32inch,33inch,34inch,35inch,36inch BLUE,",/tw/zh_TW/product-detail.html?productCode=u0000000019666,https://www.uniqlo.com/tw/hmall/test/u0000000019666/main/first/561/1.jpg,"NT$1,290",COL62
"男裝 EZY特級彈性牛仔褲(稍長) 470533  網路販售 再生材質 修改褲長 店取(店鋪庫存) S,M,L,XL BLACK,BLUE,BLUE,GRAY,",/tw/zh_TW/product-detail.html?productCode=u0000000019663,https://www.uniqlo.com/tw/hmall/test/u0000000019663/main/first/561/1.jpg,"NT$1,290","COL09,COL62,COL66,COL06"
"男裝 合身卡其褲 470546  修改褲長 店取(店鋪庫存) 70cm,73cm,76cm,79cm,82cm,85cm,88cm,91cm,95cm,100cm,105cm,110cm DARK,BLACK,BEIGE,NAVY,BROWN,",/tw/zh_TW/product-detail.html?productCode=u0000000019652,https://www.uniqlo.com/tw/hmall/test/u0000000019652/main/first/561/1.jpg,"NT$1,290","COL08,COL09,COL32,COL69,COL34"
"男裝 寬版卡其褲 470549  豐富尺碼 修改褲長 店取(店鋪庫存) 70cm,73cm,76cm,79cm,82cm,85cm,88cm,91cm,95cm,100cm,105cm,110cm BLACK,DARK,BROWN,DARK,",/tw/zh_TW/product-detail.html?productCode=u0000000019658,https://www.uniqlo.com/tw/hmall/test/u0000000019658/main/first/561/1.jpg,"NT$1,290","COL09,COL38,COL35,COL39"
"男裝 棉質舒適束口褲 470684  豐富尺碼 店取(店鋪庫存) XS,S,M,L,XL,XXL,3XL DARK,NAVY,LIGHT,BEIGE,OLIVE,",/tw/zh_TW/product-detail.html?productCode=u0000000019653,https://www.uniqlo.com/tw/hmall/test/u0000000019653/main/first/561/1.jpg,NT$790,"COL08,COL69,COL02,COL32,COL56"
"男裝 AIRism平口內褲 471476  豐富尺碼 店取(店鋪庫存) M,L,XL,4XL,S,XXL,3XL DARK,BLUE,",/tw/zh_TW/product-detail.html?productCode=u0000000019707,https://www.uniqlo.com/tw/hmall/test/u0000000019707/main/first/561/1.jpg,NT$390,"COL08,COL65"
"男裝 AIRism平口內褲 471477  豐富尺碼 店取(店鋪庫存) S,M,L,XL,XXL,3XL,4XL GREEN,NAVY,",/tw/zh_TW/product-detail.html?productCode=u0000000019641,https://www.uniqlo.com/tw/hmall/test/u0000000019641/main/first/561/1.jpg,NT$390,"COL54,COL69"
"男裝 AIRism超無痕平口內褲(印花) 471500  豐富尺碼 店取(店鋪庫存) S,M,L,XL,XXL,3XL,4XL WINE,BLUE,BLACK,",/tw/zh_TW/product-detail.html?productCode=u0000000019657,https://www.uniqlo.com/tw/hmall/test/u0000000019657/main/first/561/1.jpg,NT$390,"COL18,COL65,COL09"
"男裝 棉質舒適九分褲(牛仔) 470688  豐富尺碼 修改褲長 店取(店鋪庫存) XS,S,M,L,XL,XXL,3XL GRAY,BLUE,",/tw/zh_TW/product-detail.html?productCode=u0000000019802,https://www.uniqlo.com/tw/hmall/test/u0000000019802/main/first/561/1.jpg,NT$790,"COL07,COL68"
"男裝 特級彈性緊身牛仔褲 470524  修改褲長 店取(店鋪庫存) 27inch,28inch,29inch,30inch,31inch,32inch,33inch,34inch,35inch,36inch,38inch,40inch BLACK,BLUE,GRAY,",/tw/zh_TW/product-detail.html?productCode=u0000000019576,https://www.uniqlo.com/tw/hmall/test/u0000000019576/main/first/561/1.jpg,"NT$1,290","COL09,COL65,COL07"
"男裝 EZY特級彈性牛仔褲 470532  再生材質 修改褲長 店取(店鋪庫存) S,M,L,XL BLACK,BLUE,BLUE,GRAY,",/tw/zh_TW/product-detail.html?productCode=u0000000019577,https://www.uniqlo.com/tw/hmall/test/u0000000019577/main/first/561/1.jpg,"NT$1,290","COL09,COL62,COL66,COL06"
"男裝 SMART 九分褲 470576  修改褲長 店取(店鋪庫存) XS,S,M,L,XL,XXL,3XL GRAY,BLACK,NAVY,DARK,",/tw/zh_TW/product-detail.html?productCode=u0000000019468,https://www.uniqlo.com/tw/hmall/test/u0000000019468/main/first/561/1.jpg,NT$990,"COL06,COL09,COL69,COL38"
"男裝 SMART 九分褲(稍長) 470580  網路販售 再生材質 修改褲長 店取(店鋪庫存) XS,S,M,L,XL,XXL,3XL BLACK,NAVY,GRAY,DARK,",/tw/zh_TW/product-detail.html?productCode=u0000000019578,https://www.uniqlo.com/tw/hmall/test/u0000000019578/main/first/561/1.jpg,NT$990,"COL09,COL69,COL06,COL38"
"男裝 SMART 九分褲(特級彈性) 470592  豐富尺碼 修改褲長 店取(店鋪庫存) XS,S,M,L,XL,XXL,3XL GRAY,BLACK,NAVY,",/tw/zh_TW/product-detail.html?productCode=u0000000019470,https://www.uniqlo.com/tw/hmall/test/u0000000019470/main/first/561/1.jpg,NT$990,"COL07,COL09,COL69"
"男裝 工裝束口褲 470595  男女適穿 豐富尺碼 店取(店鋪庫存) XS,S,M,L,XL,XXL,3XL BLACK,BEIGE,OLIVE,",/tw/zh_TW/product-detail.html?productCode=u0000000019464,https://www.uniqlo.com/tw/hmall/test/u0000000019464/main/first/561/1.jpg,"NT$1,290","COL09,COL32,COL57"
"男裝 寬版降落傘工裝長褲 475121  豐富尺碼 店取(店鋪庫存) XS,S,M,L,XL,XXL,3XL /,/,/,/,",/tw/zh_TW/product-detail.html?productCode=u0000000019821,https://www.uniqlo.com/tw/hmall/test/u0000000019821/main/first/561/1.jpg,"NT$1,290","COL33,COL56,COL09,COL30"
"男裝 Miracle Air 西裝長褲(滑面)(稍長) 463820  超值精選 修改褲長 店取(店鋪庫存) 70cm,76cm,85cm OLIVE,",/tw/zh_TW/product-detail.html?productCode=u0000000019801,https://www.uniqlo.com/tw/hmall/test/u0000000019801/main/first/561/1.jpg,NT$590,COL56
"男裝 Miracle Air 西裝長褲(滑面) 463821  超值精選 修改褲長 店取(店鋪庫存) 70cm,73cm,76cm,79cm,82cm,85cm,88cm,91cm OLIVE,",/tw/zh_TW/product-detail.html?productCode=u0000000019793,https://www.uniqlo.com/tw/hmall/test/u0000000019793/main/first/561/1.jpg,NT$590,COL56
"男裝 彈性赤耳合身牛仔褲 470531  修改褲長 店取(店鋪庫存) 28inch,29inch,30inch,31inch,32inch,33inch,34inch,35inch,36inch NAVY,",/tw/zh_TW/product-detail.html?productCode=u0000000019719,https://www.uniqlo.com/tw/hmall/test/u0000000019719/main/first/561/1.jpg,"NT$1,290",COL69
"男裝 SMART 九分褲(特級彈性)(稍長) 470593  網路販售 修改褲長 店取(店鋪庫存) XS,S,M,L,XL,XXL,3XL GRAY,BLACK,NAVY,",/tw/zh_TW/product-detail.html?productCode=u0000000019759,https://www.uniqlo.com/tw/hmall/test/u0000000019759/main/first/561/1.jpg,NT$990,"COL07,COL09,COL69"
"男裝 工裝束口褲(牛仔) 470597  豐富尺碼 店取(店鋪庫存) XS,S,M,L,XL,XXL,3XL BLUE,",/tw/zh_TW/product-detail.html?productCode=u0000000019667,https://www.uniqlo.com/tw/hmall/test/u0000000019667/main/first/561/1.jpg,"NT$1,290",COL67
"男裝 棉質舒適九分褲 470685  再生材質 修改褲長 店取(店鋪庫存) XS,S,M,L,XL,XXL,3XL DARK,BEIGE,NAVY,OLIVE,",/tw/zh_TW/product-detail.html?productCode=u0000000019773,https://www.uniqlo.com/tw/hmall/test/u0000000019773/main/first/561/1.jpg,NT$790,"COL08,COL31,COL69,COL57"
"男裝 特級彈性緊身刷破牛仔褲 470523  豐富尺碼 修改褲長 店取(店鋪庫存) 27inch,28inch,29inch,30inch,31inch,32inch,33inch,34inch,35inch,36inch,38inch,40inch BLUE,",/tw/zh_TW/product-detail.html?productCode=u0000000019675,https://www.uniqlo.com/tw/hmall/test/u0000000019675/main/first/561/1.jpg,"NT$1,290",COL63
"男裝 棉質舒適九分褲 464819  超值精選 修改褲長 店取(店鋪庫存) L,XL,S OFF,GREEN,",/tw/zh_TW/product-detail.html?productCode=u0000000019563,https://www.uniqlo.com/tw/hmall/test/u0000000019563/main/first/561/1.jpg,NT$390,"COL01,COL55"
"男裝 SMART 九分褲(仿牛仔) 467576  超值精選 修改褲長 店取(店鋪庫存) S,M,L BLACK,",/tw/zh_TW/product-detail.html?productCode=u0000000019259,https://www.uniqlo.com/tw/hmall/test/u0000000019259/main/first/561/1.jpg,NT$590,COL09
"男裝 感動打褶長褲(輕量透氣) 473045  超值精選 修改褲長 店取(店鋪庫存) 73cm BEIGE,",/tw/zh_TW/product-detail.html?productCode=u0000000019258,https://www.uniqlo.com/tw/hmall/test/u0000000019258/main/first/561/1.jpg,NT$590,COL31
"男裝 Slim Fit卡其褲 463918  超值精選 修改褲長 店取(店鋪庫存) 70cm,73cm,76cm,79cm,85cm,88cm,110cm NATURAL,OLIVE,",/tw/zh_TW/product-detail.html?productCode=u0000000019408,https://www.uniqlo.com/tw/hmall/test/u0000000019408/main/first/561/1.jpg,NT$390,"COL30,COL57"
"男裝 特級彈性Skinny Fit多色牛仔褲 463901  超值精選 修改褲長 店取(店鋪庫存) S,M,L OLIVE,",/tw/zh_TW/product-detail.html?productCode=u0000000019401,https://www.uniqlo.com/tw/hmall/test/u0000000019401/main/first/561/1.jpg,NT$390,COL56
"男裝 AIRism 平口內褲 468483  豐富尺碼 再生材質 店取(店鋪庫存) S,M,L,XL,XXL,3XL,4XL GRAY,",/tw/zh_TW/product-detail.html?productCode=u0000000019371,https://www.uniqlo.com/tw/hmall/test/u0000000019371/main/first/561/1.jpg,NT$390,COL07
"男裝 寬版卡其褲 463978  超值精選 修改褲長 店取(店鋪庫存) 82cm BROWN,",/tw/zh_TW/product-detail.html?productCode=u0000000019062,https://www.uniqlo.com/tw/hmall/test/u0000000019062/main/first/561/1.jpg,NT$390,COL37
"男裝 感動休閒長褲(輕量透氣)(泡泡紗) 467821  超值精選 修改褲長 店取(店鋪庫存) S,M,L BLUE,",/tw/zh_TW/product-detail.html?productCode=u0000000018814,https://www.uniqlo.com/tw/hmall/test/u0000000018814/main/first/561/1.jpg,NT$790,COL68
"男裝 降落傘工裝短褲 467159  男女適穿 豐富尺碼 店取(店鋪庫存) XS,S,M,L,XL,XXL,3XL GRAY,BLACK,BEIGE,",/tw/zh_TW/product-detail.html?productCode=u0000000019014,https://www.uniqlo.com/tw/hmall/test/u0000000019014/main/first/561/1.jpg,NT$790,"COL04,COL09,COL31"
"男裝 防潑水多口袋機能短褲 463870  男女適穿 豐富尺碼 店取(店鋪庫存) XS,S,M,L,XL,XXL,3XL BLACK,BEIGE,DARK,BROWN,OLIVE,",/tw/zh_TW/product-detail.html?productCode=u0000000018707,https://www.uniqlo.com/tw/hmall/test/u0000000018707/main/first/561/1.jpg,NT$790,"COL09,COL31,COL08,COL35,COL57"
"男裝 感動休閒長褲(輕量透氣)(仿羊毛) 471024  超值精選 修改褲長 店取(店鋪庫存) XS,S,M,L,XL DARK,NAVY,",/tw/zh_TW/product-detail.html?productCode=u0000000018639,https://www.uniqlo.com/tw/hmall/test/u0000000018639/main/first/561/1.jpg,NT$790,"COL08,COL69"
"男裝 DRY彈性輕便短褲 464822  男女適穿 店取(店鋪庫存) XS,S,M,L,XL,XXL,3XL DARK,BLACK,BEIGE,PINK,GREEN,BLUE,BROWN,GREEN,",/tw/zh_TW/product-detail.html?productCode=u0000000018630,https://www.uniqlo.com/tw/hmall/test/u0000000018630/main/first/561/1.jpg,NT$590,"COL08,COL09,COL31,COL10,COL53,COL66,COL34"
"男裝 AIRism棉質輕便短褲 464823  男女適穿 豐富尺碼 店取(店鋪庫存) XS,S,M,L,XL,XXL,3XL OFF,GRAY,DARK,GREEN,BLUE,NAVY,",/tw/zh_TW/product-detail.html?productCode=u0000000018628,https://www.uniqlo.com/tw/hmall/test/u0000000018628/main/first/561/1.jpg,NT$590,"COL01,COL04,COL08,COL54,COL65,COL69"
"男裝 彈性輕便短褲 466663  男女適穿 豐富尺碼 店取(店鋪庫存) XS,S,M,L,XL,XXL,3XL GRAY,BLUE,",/tw/zh_TW/product-detail.html?productCode=u0000000018632,https://www.uniqlo.com/tw/hmall/test/u0000000018632/main/first/561/1.jpg,NT$590,"COL07,COL63"
"男裝 彈性輕便短褲 467233  男女適穿 豐富尺碼 店取(店鋪庫存) XS,S,M,L,XL,XXL,3XL BLUE,NAVY,",/tw/zh_TW/product-detail.html?productCode=u0000000018623,https://www.uniqlo.com/tw/hmall/test/u0000000018623/main/first/561/1.jpg,NT$590,"COL64,COL69"
"男裝 AIRism四角褲 470716  再生材質 店取(店鋪庫存) M,L,XL,S,4XL GRAY,",/tw/zh_TW/product-detail.html?productCode=u0000000018867,https://www.uniqlo.com/tw/hmall/test/u0000000018867/main/first/561/1.jpg,NT$390,COL07
"男裝 特級彈性DRY-EX快乾束口褲 465206  豐富尺碼 店取(店鋪庫存) XS,S,M,L,XL,XXL,3XL,4XL BLACK,OLIVE,BLUE,GRAY,DARK,BEIGE,",/tw/zh_TW/product-detail.html?productCode=u0000000018571,https://www.uniqlo.com/tw/hmall/test/u0000000018571/main/first/561/1.jpg,NT$990,"COL09,COL57,COL67,COL03,COL08,COL32"
"男裝 特級彈性DRY-EX快乾束口褲(稍長) 467767  網路販售 超值精選 店取(店鋪庫存) S BLUE,",/tw/zh_TW/product-detail.html?productCode=u0000000018650,https://www.uniqlo.com/tw/hmall/test/u0000000018650/main/first/561/1.jpg,NT$590,COL67
"男裝 亞麻混紡休閒長褲 463857  超值精選 修改褲長 店取(店鋪庫存) XS,S,M,L,XL,XXL,3XL NATURAL,BEIGE,NAVY,",/tw/zh_TW/product-detail.html?productCode=u0000000018636,https://www.uniqlo.com/tw/hmall/test/u0000000018636/main/first/561/1.jpg,NT$990,"COL30,COL32,COL69"
"男裝 AIRism平口內褲 464316  豐富尺碼 再生材質 店取(店鋪庫存) S,M,L,XL,4XL,XXL,3XL BLACK,NAVY,",/tw/zh_TW/product-detail.html?productCode=u0000000018484,https://www.uniqlo.com/tw/hmall/test/u0000000018484/main/first/561/1.jpg,NT$390,"COL09,COL69"
"男裝 AIRism四角褲 464317  豐富尺碼 再生材質 店取(店鋪庫存) S,M,L,XL,XXL,3XL,4XL BLACK,",/tw/zh_TW/product-detail.html?productCode=u0000000018482,https://www.uniqlo.com/tw/hmall/test/u0000000018482/main/first/561/1.jpg,NT$390,COL09
"男裝 AIRism超無痕平口內褲 464319  豐富尺碼 店取(店鋪庫存) S,M,L,XL,XXL,3XL,4XL GRAY,BLACK,NAVY,DARK,",/tw/zh_TW/product-detail.html?productCode=u0000000018486,https://www.uniqlo.com/tw/hmall/test/u0000000018486/main/first/561/1.jpg,NT$390,"COL03,COL09,COL69,COL58"
"男裝 AIRism超無痕網眼平口內褲 464947  豐富尺碼 店取(店鋪庫存) S,M,L,XL,4XL DARK,BLACK,BLUE,",/tw/zh_TW/product-detail.html?productCode=u0000000018558,https://www.uniqlo.com/tw/hmall/test/u0000000018558/main/first/561/1.jpg,NT$390,"COL08,COL09,COL66"
"男裝 特級彈性DRY-EX快乾窄管長褲 465491  豐富尺碼 再生材質 店取(店鋪庫存) XS,S,M,L,XL,3XL,XXL,4XL GRAY,BLACK,BEIGE,NAVY,",/tw/zh_TW/product-detail.html?productCode=u0000000018500,https://www.uniqlo.com/tw/hmall/test/u0000000018500/main/first/561/1.jpg,NT$990,"COL07,COL09,COL32,COL69"
"男裝 AIRism印花平口內褲 466495  豐富尺碼 再生材質 店取(店鋪庫存) S,M,L,XL,XXL,3XL,4XL GRAY,BLUE,",/tw/zh_TW/product-detail.html?productCode=u0000000018487,https://www.uniqlo.com/tw/hmall/test/u0000000018487/main/first/561/1.jpg,NT$390,"COL07,COL62"
"男裝 AIRism印花平口內褲 466498  豐富尺碼 再生材質 店取(店鋪庫存) S,M,L,XL,3XL,4XL OLIVE,BLUE,",/tw/zh_TW/product-detail.html?productCode=u0000000018490,https://www.uniqlo.com/tw/hmall/test/u0000000018490/main/first/561/1.jpg,NT$390,"COL57,COL68"
"男裝 AIRism條紋平口內褲 466501  豐富尺碼 再生材質 店取(店鋪庫存) S,M,L,XL,XXL,3XL,4XL GRAY,BLUE,",/tw/zh_TW/product-detail.html?productCode=u0000000018480,https://www.uniqlo.com/tw/hmall/test/u0000000018480/main/first/561/1.jpg,NT$390,"COL03,COL67"
"男裝 AIRism四角褲 466506  豐富尺碼 再生材質 店取(店鋪庫存) S,M,L,XL,XXL,3XL,4XL GRAY,",/tw/zh_TW/product-detail.html?productCode=u0000000018481,https://www.uniqlo.com/tw/hmall/test/u0000000018481/main/first/561/1.jpg,NT$390,COL07
"男裝 AIRism條紋四角褲 466509  豐富尺碼 再生材質 店取(店鋪庫存) S,M,L,XL,XXL,3XL,4XL BLACK,NAVY,",/tw/zh_TW/product-detail.html?productCode=u0000000018479,https://www.uniqlo.com/tw/hmall/test/u0000000018479/main/first/561/1.jpg,NT$390,"COL09,COL69"
"男裝 特級彈性DRY-EX快乾窄管長褲(稍長) 467768  網路販售 再生材質 店取(店鋪庫存) XS GRAY,",/tw/zh_TW/product-detail.html?productCode=u0000000018504,https://www.uniqlo.com/tw/hmall/test/u0000000018504/main/first/561/1.jpg,NT$990,COL07
"男裝 AIRism超無痕平口內褲(印花) 467846  豐富尺碼 店取(店鋪庫存) S,M,L,XL,3XL,XXL,4XL GRAY,BLACK,BLUE,",/tw/zh_TW/product-detail.html?productCode=u0000000018649,https://www.uniqlo.com/tw/hmall/test/u0000000018649/main/first/561/1.jpg,NT$390,"COL06,COL09,COL68"
"男裝 工裝束口褲(多口袋)(牛仔) 468739  豐富尺碼 店取(店鋪庫存) XS,S,M,L,XL,XXL,3XL BLUE,",/tw/zh_TW/product-detail.html?productCode=u0000000018506,https://www.uniqlo.com/tw/hmall/test/u0000000018506/main/first/561/1.jpg,"NT$1,290",COL67
"男裝 感動休閒長褲(輕量透氣)(仿棉質) 463852  超值精選 修改褲長 店取(店鋪庫存) XS,S,M,L,XL BLACK,BEIGE,OLIVE,NAVY,",/tw/zh_TW/product-detail.html?productCode=u0000000018507,https://www.uniqlo.com/tw/hmall/test/u0000000018507/main/first/561/1.jpg,NT$790,"COL09,COL31,COL56,COL69"
"男裝 Miracle Air 西裝長褲(稍長) 470030  網路販售 修改褲長 店取(店鋪庫存) 73cm,76cm,79cm,82cm,85cm,88cm,91cm,95cm,100cm,105cm,110cm GRAY,DARK,BLACK,NAVY,",/tw/zh_TW/product-detail.html?productCode=u0000000018512,https://www.uniqlo.com/tw/hmall/test/u0000000018512/main/first/561/1.jpg,"NT$1,290","COL05,COL08,COL09,COL69"
"男裝 Miracle Air 西裝長褲 470031  豐富尺碼 修改褲長 店取(店鋪庫存) 70cm,73cm,76cm,79cm,82cm,85cm,88cm,91cm,95cm,100cm,105cm,110cm GRAY,DARK,BLACK,NAVY,",/tw/zh_TW/product-detail.html?productCode=u0000000018505,https://www.uniqlo.com/tw/hmall/test/u0000000018505/main/first/561/1.jpg,"NT$1,290","COL05,COL08,COL09,COL69"
"男裝 Miracle Air 西裝長褲(滑面)(稍長) 463820  網路販售 修改褲長 店取(店鋪庫存) 73cm,76cm,79cm,82cm,85cm,88cm,91cm,100cm,105cm,110cm,95cm BLACK,BEIGE,NAVY,",/tw/zh_TW/product-detail.html?productCode=u0000000018343,https://www.uniqlo.com/tw/hmall/test/u0000000018343/main/first/561/1.jpg,"NT$1,290","COL09,COL32,COL69"
"男裝 Miracle Air 西裝長褲(滑面) 463821  豐富尺碼 修改褲長 店取(店鋪庫存) 70cm,73cm,76cm,79cm,82cm,85cm,88cm,91cm,95cm,100cm,105cm,110cm BLACK,BEIGE,NAVY,NATURAL,",/tw/zh_TW/product-detail.html?productCode=u0000000018391,https://www.uniqlo.com/tw/hmall/test/u0000000018391/main/first/561/1.jpg,"NT$1,290","COL09,COL32,COL69,COL30"
"男裝 SMART 九分褲(特級彈性)(稍長) 461608 463947  網路販售 修改褲長 店取(店鋪庫存) S,XL /,/,/,",/tw/zh_TW/product-detail.html?productCode=u0000000018517,https://www.uniqlo.com/tw/hmall/test/u0000000018517/main/first/561/1.jpg,NT$990,"COL07,COL09,COL69"
"男裝 棉質舒適九分褲 466661  超值精選 修改褲長 店取(店鋪庫存) L,XL,S OFF,BLUE,",/tw/zh_TW/product-detail.html?productCode=u0000000018365,https://www.uniqlo.com/tw/hmall/test/u0000000018365/main/first/561/1.jpg,NT$390,"COL01,COL67"
"男裝 特級彈性Skinny Fit刷破牛仔褲 463904  豐富尺碼 修改褲長 店取(店鋪庫存) 27inch,28inch,29inch,30inch,31inch,32inch,33inch,34inch,35inch,36inch,38inch,40inch BLUE,",/tw/zh_TW/product-detail.html?productCode=u0000000018151,https://www.uniqlo.com/tw/hmall/test/u0000000018151/main/first/561/1.jpg,"NT$1,290",COL63
"男裝 彈性機能Active休閒長褲 469287  豐富尺碼 修改褲長 店取(店鋪庫存) XS,S,M,L,XL,XXL,3XL GRAY,DARK,BLACK,BEIGE,OLIVE,",/tw/zh_TW/product-detail.html?productCode=u0000000018200,https://www.uniqlo.com/tw/hmall/test/u0000000018200/main/first/561/1.jpg,"NT$1,290","COL03,COL08,COL09,COL31,COL57"
"男裝 Slim Fit卡其褲 463918  豐富尺碼 修改褲長 店取(店鋪庫存) 70cm,73cm,76cm,79cm,82cm,85cm,88cm,91cm,95cm,100cm,105cm,110cm DARK,BLACK,BEIGE,NAVY,",/tw/zh_TW/product-detail.html?productCode=u0000000018167,https://www.uniqlo.com/tw/hmall/test/u0000000018167/main/first/561/1.jpg,"NT$1,290","COL08,COL09,COL32,COL69"
"男裝 SMART 九分褲(特級彈性) 463946  豐富尺碼 修改褲長 店取(店鋪庫存) XS,S,M,L,XL GRAY,BLACK,NAVY,",/tw/zh_TW/product-detail.html?productCode=u0000000018429,https://www.uniqlo.com/tw/hmall/test/u0000000018429/main/first/561/1.jpg,NT$990,"COL07,COL09,COL69"
"男裝 特級彈性Skinny Fit多色牛仔褲 463901  豐富尺碼 修改褲長 店取(店鋪庫存) XS,M,L,XL,XXL,3XL,S BLACK,BEIGE,GRAY,NAVY,",/tw/zh_TW/product-detail.html?productCode=u0000000018046,https://www.uniqlo.com/tw/hmall/test/u0000000018046/main/first/561/1.jpg,NT$990,"COL09,COL32,COL06,COL69"
"男裝 特級彈性Skinny Fit牛仔褲 463905  豐富尺碼 修改褲長 店取(店鋪庫存) 27inch,28inch,29inch,30inch,31inch,32inch,33inch,34inch,35inch,36inch,38inch,40inch BLACK,BLUE,",/tw/zh_TW/product-detail.html?productCode=u0000000018513,https://www.uniqlo.com/tw/hmall/test/u0000000018513/main/first/561/1.jpg,"NT$1,290","COL09,COL65"
"男裝 Slim Fit刷破牛仔褲 463907  豐富尺碼 修改褲長 店取(店鋪庫存) 27inch,28inch,29inch,30inch,31inch,32inch,33inch,34inch,35inch,36inch,38inch,40inch BLUE,",/tw/zh_TW/product-detail.html?productCode=u0000000018021,https://www.uniqlo.com/tw/hmall/test/u0000000018021/main/first/561/1.jpg,"NT$1,290",COL62
"男裝 SMART 九分褲 463930  豐富尺碼 再生材質 修改褲長 店取(店鋪庫存) XS,S,M,L,XL,XXL,3XL GRAY,BLACK,NAVY,",/tw/zh_TW/product-detail.html?productCode=u0000000018014,https://www.uniqlo.com/tw/hmall/test/u0000000018014/main/first/561/1.jpg,NT$990,"COL06,COL09,COL69"
"男裝 SMART 九分褲(棉質) 463933  超值精選 修改褲長 店取(店鋪庫存) S,M,L,XS BEIGE,OLIVE,NAVY,",/tw/zh_TW/product-detail.html?productCode=u0000000018015,https://www.uniqlo.com/tw/hmall/test/u0000000018015/main/first/561/1.jpg,NT$590,"COL31,COL56,COL69"
"男裝 SMART 九分褲(稍長) 463949  網路販售 再生材質 修改褲長 店取(店鋪庫存) S,M,L,XL /,/,/,",/tw/zh_TW/product-detail.html?productCode=u0000000018423,https://www.uniqlo.com/tw/hmall/test/u0000000018423/main/first/561/1.jpg,NT$990,"COL06,COL09,COL69"
"男裝 SMART 九分褲(棉質)(稍長) 461593 463951  超值精選 修改褲長 店取(店鋪庫存) S,M /,",/tw/zh_TW/product-detail.html?productCode=u0000000018514,https://www.uniqlo.com/tw/hmall/test/u0000000018514/main/first/561/1.jpg,NT$590,COL56
"男裝 EZY特級彈性牛仔褲 463972  豐富尺碼 修改褲長 店取(店鋪庫存) XS,S,M,L,XL,3XL,XXL BLACK,BLUE,BLUE,",/tw/zh_TW/product-detail.html?productCode=u0000000018424,https://www.uniqlo.com/tw/hmall/test/u0000000018424/main/first/561/1.jpg,"NT$1,290","COL09,COL62,COL66"
"男裝 棉質舒適九分褲 464819  男女適穿 豐富尺碼 修改褲長 店取(店鋪庫存) S,M,L,XL,XXL,XS DARK,BEIGE,NAVY,",/tw/zh_TW/product-detail.html?productCode=u0000000018042,https://www.uniqlo.com/tw/hmall/test/u0000000018042/main/first/561/1.jpg,NT$790,"COL08,COL31,COL69"
"男裝 休閒長褲 465204  豐富尺碼 店取(店鋪庫存) XS,S,M,L,XL,XXL,3XL GRAY,BLACK,NAVY,",/tw/zh_TW/product-detail.html?productCode=u0000000018039,https://www.uniqlo.com/tw/hmall/test/u0000000018039/main/first/561/1.jpg,NT$990,"COL05,COL09,COL69"
"男裝 棉質舒適束口褲 466662  豐富尺碼 店取(店鋪庫存) S,M,L,XL,XXL,3XL,XS LIGHT,DARK,NAVY,",/tw/zh_TW/product-detail.html?productCode=u0000000018236,https://www.uniqlo.com/tw/hmall/test/u0000000018236/main/first/561/1.jpg,NT$790,"COL02,COL08,COL69"
"男裝 棉質舒適九分褲(牛仔) 467398  豐富尺碼 修改褲長 店取(店鋪庫存) XS,S,M,L,XL,XXL,3XL GRAY,BLUE,",/tw/zh_TW/product-detail.html?productCode=u0000000018041,https://www.uniqlo.com/tw/hmall/test/u0000000018041/main/first/561/1.jpg,NT$790,"COL07,COL68"
"男裝 Slim Fit牛仔褲 463906  豐富尺碼 修改褲長 店取(店鋪庫存) 27inch,28inch,29inch,30inch,31inch,32inch,33inch,34inch,35inch,36inch,38inch,40inch BLUE,",/tw/zh_TW/product-detail.html?productCode=u0000000018401,https://www.uniqlo.com/tw/hmall/test/u0000000018401/main/first/561/1.jpg,"NT$1,290",COL66
"男裝 彈性赤耳Slim Fit牛仔褲 463909  豐富尺碼 修改褲長 店取(店鋪庫存) 27inch,28inch,29inch,30inch,31inch,32inch,33inch,34inch,35inch,36inch,40inch NAVY,",/tw/zh_TW/product-detail.html?productCode=u0000000018402,https://www.uniqlo.com/tw/hmall/test/u0000000018402/main/first/561/1.jpg,"NT$1,290",COL69
"男裝 工裝束口褲(多口袋) 463961  男女適穿 豐富尺碼 店取(店鋪庫存) XS,S,M,L,XL,XXL,3XL BLACK,OLIVE,BEIGE,",/tw/zh_TW/product-detail.html?productCode=u0000000018168,https://www.uniqlo.com/tw/hmall/test/u0000000018168/main/first/561/1.jpg,"NT$1,290","COL09,COL57,COL32"
"男裝 AIRism平口內褲 466492  豐富尺碼 再生材質 店取(店鋪庫存) M,L,XL,4XL GRAY,",/tw/zh_TW/product-detail.html?productCode=u0000000018186,https://www.uniqlo.com/tw/hmall/test/u0000000018186/main/first/561/1.jpg,NT$390,COL07
"男裝 寬版降落傘工裝長褲 460268  男女適穿 豐富尺碼 店取(店鋪庫存) S BLACK,",/tw/zh_TW/product-detail.html?productCode=u0000000017518,https://www.uniqlo.com/tw/hmall/test/u0000000017518/main/first/561/1.jpg,"NT$1,290",COL09
"男裝 休閒長褲 460333  豐富尺碼 店取(店鋪庫存) XS,L,XXL,3XL,XL GRAY,NAVY,BLACK,",/tw/zh_TW/product-detail.html?productCode=u0000000017282,https://www.uniqlo.com/tw/hmall/test/u0000000017282/main/first/561/1.jpg,NT$990,"COL05,COL69,COL09"
"男裝 棉質舒適九分褲(牛仔) 461420  豐富尺碼 修改褲長 店取(店鋪庫存) XS GRAY,BLUE,",/tw/zh_TW/product-detail.html?productCode=u0000000017132,https://www.uniqlo.com/tw/hmall/test/u0000000017132/main/first/561/1.jpg,NT$790,"COL07,COL68"
"男裝 Miracle Air 西裝長褲 462617  豐富尺碼 修改褲長 店取(店鋪庫存) 91cm,76cm,88cm BLACK,NAVY,GRAY,",/tw/zh_TW/product-detail.html?productCode=u0000000017078,https://www.uniqlo.com/tw/hmall/test/u0000000017078/main/first/561/1.jpg,"NT$1,290","COL09,COL69,COL05"
"男裝 棉質舒適九分褲 460150  男女適穿 豐富尺碼 修改褲長 店取(店鋪庫存) 3XL,XS,XXL,S DARK,BEIGE,NAVY,",/tw/zh_TW/product-detail.html?productCode=u0000000016800,https://www.uniqlo.com/tw/hmall/test/u0000000016800/main/first/561/1.jpg,NT$790,"COL08,COL31,COL69"
"男裝 特級彈性Skinny Fit多色牛仔褲 459687  男女適穿 豐富尺碼 修改褲長 店取(店鋪庫存) XS,M,S,XXL,3XL GRAY,BLACK,BEIGE,",/tw/zh_TW/product-detail.html?productCode=u0000000016727,https://www.uniqlo.com/tw/hmall/test/u0000000016727/main/first/561/1.jpg,NT$990,"COL06,COL09,COL32"
"男裝 EZY特級彈性牛仔褲 459691  超值精選 修改褲長 店取(店鋪庫存) XS BLUE,BLUE,",/tw/zh_TW/product-detail.html?productCode=u0000000016734,https://www.uniqlo.com/tw/hmall/test/u0000000016734/main/first/561/1.jpg,NT$590,"COL62,COL68"
"男裝 Slim Fit卡其褲 459695  豐富尺碼 修改褲長 店取(店鋪庫存) 76cm,73cm,79cm,82cm BLACK,BEIGE,NAVY,",/tw/zh_TW/product-detail.html?productCode=u0000000016752,https://www.uniqlo.com/tw/hmall/test/u0000000016752/main/first/561/1.jpg,"NT$1,290","COL09,COL32,COL69"
"男裝 SMART 九分褲(彈性) 459703  豐富尺碼 再生材質 修改褲長 店取(店鋪庫存) XL,XXL,3XL,S GRAY,BLACK,NAVY,",/tw/zh_TW/product-detail.html?productCode=u0000000016719,https://www.uniqlo.com/tw/hmall/test/u0000000016719/main/first/561/1.jpg,NT$990,"COL06,COL09,COL69"
"男裝 SMART 九分褲(彈性)(棉質) 459704  超值精選 修改褲長 店取(店鋪庫存) S NAVY,",/tw/zh_TW/product-detail.html?productCode=u0000000016754,https://www.uniqlo.com/tw/hmall/test/u0000000016754/main/first/561/1.jpg,NT$590,COL69
"男裝 彈性赤耳Slim Fit牛仔褲 461580  豐富尺碼 修改褲長 店取(店鋪庫存) 28inch,29inch,35inch NAVY,",/tw/zh_TW/product-detail.html?productCode=u0000000016994,https://www.uniqlo.com/tw/hmall/test/u0000000016994/main/first/561/1.jpg,"NT$1,290",COL69
"男裝 SMART 九分褲(特級彈性) 461607  豐富尺碼 修改褲長 店取(店鋪庫存) S,M,XS,L,XL GRAY,BLACK,NAVY,",/tw/zh_TW/product-detail.html?productCode=u0000000016733,https://www.uniqlo.com/tw/hmall/test/u0000000016733/main/first/561/1.jpg,NT$990,"COL07,COL09,COL69"
"男裝 特級彈性Skinny Fit牛仔褲 461701  豐富尺碼 修改褲長 店取(店鋪庫存) 33inch BLACK,",/tw/zh_TW/product-detail.html?productCode=u0000000016756,https://www.uniqlo.com/tw/hmall/test/u0000000016756/main/first/561/1.jpg,"NT$1,290",COL09
"男裝 特級彈性Skinny Fit牛仔褲 455472  超值精選 修改褲長 店取(店鋪庫存) 27inch BLUE,",/tw/zh_TW/product-detail.html?productCode=u0000000015189,https://www.uniqlo.com/tw/hmall/test/u0000000015189/main/first/561/1.jpg,NT$590,COL68
"男裝 Miracle Air 西裝長褲 457610  豐富尺碼 修改褲長 店取(店鋪庫存) 73cm DARK,",/tw/zh_TW/product-detail.html?productCode=u0000000015474,https://www.uniqlo.com/tw/hmall/test/u0000000015474/main/first/561/1.jpg,"NT$1,290",COL08
"男裝 特級彈性DRY-EX快乾束口褲 463656  店取(店鋪庫存) S,M,L BLACK,DARK,",/tw/zh_TW/product-detail.html?productCode=u0000000018084,https://www.uniqlo.com/tw/hmall/test/u0000000018084/main/first/561/1.jpg,NT$990,"COL09,COL08"
"男裝 棉質舒適束口褲 466662  超值精選 店取(店鋪庫存) XS,XL,3XL GREEN,BLUE,",/tw/zh_TW/product-detail.html?productCode=u0000000019980,https://www.uniqlo.com/tw/hmall/test/u0000000019980/main/first/561/1.jpg,NT$390,"COL51,COL61"
"男裝 降落傘工裝短褲 467159  超值精選 店取(店鋪庫存) XS,S,M,L,XL BLUE,",/tw/zh_TW/product-detail.html?productCode=u0000000020248,https://www.uniqlo.com/tw/hmall/test/u0000000020248/main/first/561/1.jpg,NT$390,COL67
"男裝 防潑水多口袋機能短褲 463870  超值精選 店取(店鋪庫存) S,M,L,XL DARK,",/tw/zh_TW/product-detail.html?productCode=u0000000020190,https://www.uniqlo.com/tw/hmall/test/u0000000020190/main/first/561/1.jpg,NT$390,COL28
"男裝 特級彈性DRY長褲 472021  超值精選 店取(店鋪庫存) S,M,L,XL BLACK,NAVY,",/tw/zh_TW/product-detail.html?productCode=u0000000019586,https://www.uniqlo.com/tw/hmall/test/u0000000019586/main/first/561/1.jpg,NT$990,"COL09,COL69"
"男裝 特級彈性DRY短褲 472022  超值精選 店取(店鋪庫存) S,M,L,XL BLACK,NAVY,",/tw/zh_TW/product-detail.html?productCode=u0000000019585,https://www.uniqlo.com/tw/hmall/test/u0000000019585/main/first/561/1.jpg,NT$790,"COL09,COL69"
"男裝 寬版降落傘工裝長褲 470935  超值精選 店取(店鋪庫存) S BLUE,",/tw/zh_TW/product-detail.html?productCode=u0000000019403,https://www.uniqlo.com/tw/hmall/test/u0000000019403/main/first/561/1.jpg,NT$390,COL67
"男裝 卡其短褲 463866  超值精選 店取(店鋪庫存) S,M,L,XL BLACK,NAVY,",/tw/zh_TW/product-detail.html?productCode=u0000000019018,https://www.uniqlo.com/tw/hmall/test/u0000000019018/main/first/561/1.jpg,NT$390,"COL09,COL69"
"男裝 卡其短褲(寬版)(2024年新款) 470482  超值精選 店取(店鋪庫存) XS,S,M,L,XL,XXL,3XL WHITE,BLACK,BEIGE,BROWN,OLIVE,NAVY,RED,",/tw/zh_TW/product-detail.html?productCode=u0000000018702,https://www.uniqlo.com/tw/hmall/test/u0000000018702/main/first/561/1.jpg,NT$590,"COL00,COL09,COL32,COL34,COL57,COL69,COL13"
"男裝 工裝休閒長褲(多口袋) 463957  超值精選 店取(店鋪庫存) M,L,XL OFF,",/tw/zh_TW/product-detail.html?productCode=u0000000018459,https://www.uniqlo.com/tw/hmall/test/u0000000018459/main/first/561/1.jpg,NT$390,COL01
"男裝 降落傘褲 463991  超值精選 店取(店鋪庫存) S,M,L,XL,XS BLACK,BEIGE,DARK,OLIVE,",/tw/zh_TW/product-detail.html?productCode=u0000000018456,https://www.uniqlo.com/tw/hmall/test/u0000000018456/main/first/561/1.jpg,NT$590,"COL09,COL31,COL38,COL57"
"男裝 棉質印花平口內褲 466741  超值精選 店取(店鋪庫存) M RED,",/tw/zh_TW/product-detail.html?productCode=u0000000018358,https://www.uniqlo.com/tw/hmall/test/u0000000018358/main/first/561/1.jpg,NT$99,COL17
"男裝 工裝多口袋短褲 455536  超值精選 店取(店鋪庫存) XL NAVY,",/tw/zh_TW/product-detail.html?productCode=u0000000019797,https://www.uniqlo.com/tw/hmall/test/u0000000019797/main/first/561/1.jpg,NT$390,COL69
"男裝 HEATTECH ULTRA WARM超極暖緊身褲(前開式) 461015  超值精選 店取(店鋪庫存) XS DARK,",/tw/zh_TW/product-detail.html?productCode=u0000000017590,https://www.uniqlo.com/tw/hmall/test/u0000000017590/main/first/561/1.jpg,NT$790,COL08
"男裝 棉質印花平口內褲 461472  超值精選 店取(店鋪庫存) S RED,",/tw/zh_TW/product-detail.html?productCode=u0000000017037,https://www.uniqlo.com/tw/hmall/test/u0000000017037/main/first/561/1.jpg,NT$99,COL17
"男裝 SMART 九分褲(稍長) 457621 461591  超值精選 店取(店鋪庫存) S /,GRAY,",/tw/zh_TW/product-detail.html?productCode=u0000000020250,https://www.uniqlo.com/tw/hmall/test/u0000000020250/main/first/561/1.jpg,NT$590,"COL09,COL06"
"男裝 特級彈性DRY-EX快乾束口褲 455408  超值精選 店取(店鋪庫存) S,M OFF,GRAY,",/tw/zh_TW/product-detail.html?productCode=u0000000016233,https://www.uniqlo.com/tw/hmall/test/u0000000016233/main/first/561/1.jpg,NT$590,"COL01,COL03"
"男裝 彈性輕便短褲 455900  超值精選 店取(店鋪庫存) XS BLUE,",/tw/zh_TW/product-detail.html?productCode=u0000000015655,https://www.uniqlo.com/tw/hmall/test/u0000000015655/main/first/561/1.jpg,NT$290,COL63
"男裝 DRY彈性輕便短褲 454780  超值精選 店取(店鋪庫存) XS DARK,BLACK,",/tw/zh_TW/product-detail.html?productCode=u0000000015549,https://www.uniqlo.com/tw/hmall/test/u0000000015549/main/first/561/1.jpg,NT$290,"COL08,COL09"
"男裝 特級彈性DRY-EX快乾短褲 456790  限時特優 男女適穿 豐富尺碼 店取(店鋪庫存) XS,S,M,L,XL,XXL,3XL,4XL DARK,BLACK,",/tw/zh_TW/product-detail.html?productCode=u0000000016276,https://www.uniqlo.com/tw/hmall/test/u0000000016276/main/first/561/1.jpg,NT$590,"COL08,COL09"
