title,product_link,product_image_url,price,color_codes
"男裝 木代爾棉質印花開領襯衫(短袖) 467513  限時特優 男女適穿 豐富尺碼 店取(店鋪庫存) XS,S,M,L,XL,XXL,3XL OFF,",/tw/zh_TW/product-detail.html?productCode=u0000000018893,https://www.uniqlo.com/tw/hmall/test/u0000000018893/main/first/561/1.jpg,NT$790,COL01
"男裝 木代爾棉質開領襯衫(短袖) 464938  限時特優 男女適穿 豐富尺碼 店取(店鋪庫存) XS,S,M,L,XL,XXL,3XL WHITE,BLACK,BEIGE,BLUE,",/tw/zh_TW/product-detail.html?productCode=u0000000018256,https://www.uniqlo.com/tw/hmall/test/u0000000018256/main/first/561/1.jpg,NT$790,"COL00,COL09,COL31,COL66"
"男裝 木代爾棉質印花開領襯衫(短袖) 473060  限時特優 男女適穿 豐富尺碼 店取(店鋪庫存) XS,S,M,L,XL,XXL,3XL BLACK,WINE,",/tw/zh_TW/product-detail.html?productCode=u0000000019668,https://www.uniqlo.com/tw/hmall/test/u0000000019668/main/first/561/1.jpg,NT$790,"COL09,COL19"
"男裝 木代爾棉質印花開領襯衫(短袖) 473061  限時特優 男女適穿 豐富尺碼 店取(店鋪庫存) XS,S,M,L,XL,XXL,3XL GREEN,BLUE,",/tw/zh_TW/product-detail.html?productCode=u0000000019669,https://www.uniqlo.com/tw/hmall/test/u0000000019669/main/first/561/1.jpg,NT$790,"COL54,COL66"
"男裝 棉麻立領襯衫(短袖) 464939  超值精選 店取(店鋪庫存) S,M,XL,L WHITE,BLACK,OLIVE,",/tw/zh_TW/product-detail.html?productCode=u0000000018502,https://www.uniqlo.com/tw/hmall/test/u0000000018502/main/first/561/1.jpg,NT$790,"COL00,COL09,COL57"
"男裝 棉麻立領條紋襯衫(短袖) 467121  超值精選 店取(店鋪庫存) S,M,L,XL BEIGE,BLUE,",/tw/zh_TW/product-detail.html?productCode=u0000000018503,https://www.uniqlo.com/tw/hmall/test/u0000000018503/main/first/561/1.jpg,NT$790,"COL31,COL67"
"男裝 木代爾棉質開領襯衫(短袖) 464938  超值精選 店取(店鋪庫存) XS,S,M,L,XL,XXL BROWN,OLIVE,",/tw/zh_TW/product-detail.html?productCode=u0000000019983,https://www.uniqlo.com/tw/hmall/test/u0000000019983/main/first/561/1.jpg,NT$490,"COL35,COL56"
"男裝 木代爾棉質印花開領襯衫(短袖) 467120  超值精選 店取(店鋪庫存) S,M,L,XL,XS KHAKI,BLUE,",/tw/zh_TW/product-detail.html?productCode=u0000000018530,https://www.uniqlo.com/tw/hmall/test/u0000000018530/main/first/561/1.jpg,NT$490,"COL33,COL68"
"男裝 木代爾棉質印花開領襯衫(短袖) 467512  超值精選 店取(店鋪庫存) XS,S,M,L,XL DARK,NAVY,",/tw/zh_TW/product-detail.html?productCode=u0000000018570,https://www.uniqlo.com/tw/hmall/test/u0000000018570/main/first/561/1.jpg,NT$490,"COL08,COL69"
"男裝 寬版襯衫五分袖 467844  超值精選 店取(店鋪庫存) XS,S,M,L,XL YELLOW,",/tw/zh_TW/product-detail.html?productCode=u0000000019055,https://www.uniqlo.com/tw/hmall/test/u0000000019055/main/first/561/1.jpg,NT$490,COL41
"男裝 寬版格紋襯衫五分袖 467845  超值精選 店取(店鋪庫存) S,M,L NATURAL,",/tw/zh_TW/product-detail.html?productCode=u0000000019056,https://www.uniqlo.com/tw/hmall/test/u0000000019056/main/first/561/1.jpg,NT$490,COL30
"男裝 米蘭羅紋襯衫式開襟外套 471136  新作商品 店取(店鋪庫存) S,M,L,XL GRAY,BLACK,DARK,NAVY,",/tw/zh_TW/product-detail.html?productCode=u0000000020093,https://www.uniqlo.com/tw/hmall/test/u0000000020093/main/first/561/1.jpg,"NT$1,490","COL07,COL09,COL38,COL69"
"男裝 雙面織紋襯衫式外套 470045  新作商品 店取(店鋪庫存) S,M,L,XL GRAY,BEIGE,DARK,NAVY,",/tw/zh_TW/product-detail.html?productCode=u0000000020098,https://www.uniqlo.com/tw/hmall/test/u0000000020098/main/first/561/1.jpg,"NT$1,690","COL06,COL32,COL39,COL69"
"男裝 法蘭絨襯衫(長袖/標準領) 470182  新作商品 店取(店鋪庫存) XS,S,M,L,XL,XXL,3XL OFF,GRAY,OLIVE,NAVY,",/tw/zh_TW/product-detail.html?productCode=u0000000020114,https://www.uniqlo.com/tw/hmall/test/u0000000020114/main/first/561/1.jpg,NT$990,"COL01,COL03,COL57,COL69"
"男裝 法蘭絨襯衫(長袖/鈕釦領/格紋) 470183  新作商品 店取(店鋪庫存) XS,S,M,L,XL,XXL,3XL BLACK,BEIGE,",/tw/zh_TW/product-detail.html?productCode=u0000000020080,https://www.uniqlo.com/tw/hmall/test/u0000000020080/main/first/561/1.jpg,NT$990,"COL09,COL31"
"男裝 法蘭絨襯衫(長袖/鈕釦領/格紋) 470184  新作商品 店取(店鋪庫存) XS,S,M,L,XL,XXL,3XL OFF,DARK,",/tw/zh_TW/product-detail.html?productCode=u0000000020104,https://www.uniqlo.com/tw/hmall/test/u0000000020104/main/first/561/1.jpg,NT$990,"COL01,COL08"
"男裝 法蘭絨襯衫(長袖/鈕釦領/格紋) 470186  新作商品 店取(店鋪庫存) XS,S,M,L,XL,XXL,3XL GRAY,BLUE,",/tw/zh_TW/product-detail.html?productCode=u0000000020066,https://www.uniqlo.com/tw/hmall/test/u0000000020066/main/first/561/1.jpg,NT$990,"COL04,COL65"
"男裝 法蘭絨襯衫(長袖/標準領/格紋) 470187  新作商品 店取(店鋪庫存) XS,S,M,L,XL,XXL,3XL GRAY,RED,DARK,",/tw/zh_TW/product-detail.html?productCode=u0000000020124,https://www.uniqlo.com/tw/hmall/test/u0000000020124/main/first/561/1.jpg,NT$990,"COL03,COL15,COL38"
"男裝 法蘭絨襯衫(長袖/標準領/格紋) 470188  新作商品 店取(店鋪庫存) XS,S,M,L,XL,XXL,3XL BLACK,GREEN,BLUE,",/tw/zh_TW/product-detail.html?productCode=u0000000020132,https://www.uniqlo.com/tw/hmall/test/u0000000020132/main/first/561/1.jpg,NT$990,"COL09,COL53,COL63"
"男裝 法蘭絨襯衫(長袖/標準領/格紋) 470189  新作商品 店取(店鋪庫存) XS,S,M,L,XL,XXL,3XL NATURAL,",/tw/zh_TW/product-detail.html?productCode=u0000000020089,https://www.uniqlo.com/tw/hmall/test/u0000000020089/main/first/561/1.jpg,NT$990,COL30
"男裝 法蘭絨襯衫(長袖/標準領/格紋) 470190  新作商品 店取(店鋪庫存) XS,S,M,L,XL,XXL,3XL DARK,OLIVE,",/tw/zh_TW/product-detail.html?productCode=u0000000020102,https://www.uniqlo.com/tw/hmall/test/u0000000020102/main/first/561/1.jpg,NT$990,"COL38,COL56"
"男裝 法蘭絨襯衫(長袖/標準領/格紋) 470191  新作商品 店取(店鋪庫存) XS,S,M,L,XL,XXL,3XL DARK,",/tw/zh_TW/product-detail.html?productCode=u0000000020120,https://www.uniqlo.com/tw/hmall/test/u0000000020120/main/first/561/1.jpg,NT$990,COL08
"男裝 法蘭絨襯衫(長袖/標準領/格紋) 470192  新作商品 店取(店鋪庫存) XS,S,M,L,XL,XXL,3XL GRAY,",/tw/zh_TW/product-detail.html?productCode=u0000000020094,https://www.uniqlo.com/tw/hmall/test/u0000000020094/main/first/561/1.jpg,NT$990,COL03
"男裝 法蘭絨襯衫(長袖/標準領/格紋) 470193  新作商品 店取(店鋪庫存) XS,S,M,L,XL,XXL,3XL BLUE,",/tw/zh_TW/product-detail.html?productCode=u0000000020133,https://www.uniqlo.com/tw/hmall/test/u0000000020133/main/first/561/1.jpg,NT$990,COL66
"男裝 特級抗皺合身襯衫(長袖)(半寬角領)(條紋) 470247  豐富尺碼 店取(店鋪庫存) XS,S,M,L,XL,XXL,3XL BLUE,",/tw/zh_TW/product-detail.html?productCode=u0000000019818,https://www.uniqlo.com/tw/hmall/test/u0000000019818/main/first/561/1.jpg,"NT$1,290",COL63
"男裝 工裝寬版襯衫(長袖) 470298  再生材質 店取(店鋪庫存) S,M,L,XL OLIVE,BROWN,",/tw/zh_TW/product-detail.html?productCode=u0000000019816,https://www.uniqlo.com/tw/hmall/test/u0000000019816/main/first/561/1.jpg,NT$990,"COL56,COL35"
"男裝 AIRism棉質襯衫式POLO衫(短袖) 471589  豐富尺碼 再生材質 店取(店鋪庫存) XS,S,M,L,XL,XXL,3XL,4XL NATURAL,",/tw/zh_TW/product-detail.html?productCode=u0000000019649,https://www.uniqlo.com/tw/hmall/test/u0000000019649/main/first/561/1.jpg,NT$790,COL30
"男裝 特級抗皺合身襯衫(長袖)(鈕釦領) 470243  豐富尺碼 店取(店鋪庫存) XS,S,M,L,XL,XXL,3XL WHITE,BLUE,",/tw/zh_TW/product-detail.html?productCode=u0000000019595,https://www.uniqlo.com/tw/hmall/test/u0000000019595/main/first/561/1.jpg,"NT$1,290","COL00,COL64"
"男裝 特級抗皺合身襯衫(長袖)(半寬角領) 470245  豐富尺碼 店取(店鋪庫存) XS,S,M,L,XL,XXL,3XL WHITE,BLACK,LIGHT,",/tw/zh_TW/product-detail.html?productCode=u0000000019592,https://www.uniqlo.com/tw/hmall/test/u0000000019592/main/first/561/1.jpg,"NT$1,290","COL00,COL09,COL60"
"男裝 牛津襯衫(長袖) 470293  男女適穿 豐富尺碼 店取(店鋪庫存) XS,S,M,L,XL,XXL,3XL OFF,GRAY,BLUE,NAVY,",/tw/zh_TW/product-detail.html?productCode=u0000000019591,https://www.uniqlo.com/tw/hmall/test/u0000000019591/main/first/561/1.jpg,NT$990,"COL01,COL06,COL64,COL69"
"男裝 牛津襯衫(長袖)(條紋) 470294  男女適穿 店取(店鋪庫存) XS,S,M,L,XL,XXL,3XL GRAY,BLUE,BEIGE,",/tw/zh_TW/product-detail.html?productCode=u0000000019593,https://www.uniqlo.com/tw/hmall/test/u0000000019593/main/first/561/1.jpg,NT$990,"COL07,COL65,COL32"
"男裝 府綢襯衫(長袖)(鈕釦領) 470301  男女適穿 豐富尺碼 店取(店鋪庫存) XS,S,M,L,XL,XXL,3XL WHITE,BLUE,NAVY,",/tw/zh_TW/product-detail.html?productCode=u0000000019597,https://www.uniqlo.com/tw/hmall/test/u0000000019597/main/first/561/1.jpg,NT$990,"COL00,COL64,COL69"
"男裝 府綢襯衫(長袖)(鈕釦領)(條紋) 470304  豐富尺碼 店取(店鋪庫存) XS,S,M,L,XL,XXL,3XL BLUE,",/tw/zh_TW/product-detail.html?productCode=u0000000019594,https://www.uniqlo.com/tw/hmall/test/u0000000019594/main/first/561/1.jpg,NT$990,COL66
"男裝 DRY抗皺舒適襯衫(鈕扣領)(短袖) 464937  豐富尺碼 店取(店鋪庫存) XS,S,M,L,XL,XXL,3XL WHITE,LIGHT,BLUE,",/tw/zh_TW/product-detail.html?productCode=u0000000018831,https://www.uniqlo.com/tw/hmall/test/u0000000018831/main/first/561/1.jpg,NT$990,"COL00,COL02,COL64"
"男裝 DRY抗皺舒適條紋襯衫(鈕扣領)(短袖) 467509  豐富尺碼 店取(店鋪庫存) XS,S,M,L,XL BLUE,",/tw/zh_TW/product-detail.html?productCode=u0000000018950,https://www.uniqlo.com/tw/hmall/test/u0000000018950/main/first/561/1.jpg,NT$990,COL63
"男裝 DRY抗皺舒適條紋襯衫(鈕扣領)(短袖) 467510  豐富尺碼 店取(店鋪庫存) XS,S,M,L,XL BLUE,",/tw/zh_TW/product-detail.html?productCode=u0000000018943,https://www.uniqlo.com/tw/hmall/test/u0000000018943/main/first/561/1.jpg,NT$990,COL62
"男裝 DRY抗皺舒適條紋襯衫(鈕扣領)(短袖) 467511  豐富尺碼 店取(店鋪庫存) XS,S,M,L,XL BLUE,",/tw/zh_TW/product-detail.html?productCode=u0000000018948,https://www.uniqlo.com/tw/hmall/test/u0000000018948/main/first/561/1.jpg,NT$990,COL68
"男裝 AIRism棉質襯衫式POLO衫(短袖) 467039  豐富尺碼 再生材質 店取(店鋪庫存) XS,S,M,L,XL,XXL,3XL,4XL WHITE,GRAY,BLACK,BLUE,",/tw/zh_TW/product-detail.html?productCode=u0000000018329,https://www.uniqlo.com/tw/hmall/test/u0000000018329/main/first/561/1.jpg,NT$790,"COL00,COL06,COL09,COL61"
"男裝 精紡府綢彈性Slim Fit襯衫(長袖) 464923  豐富尺碼 店取(店鋪庫存) XS,S,M,L,XL,XXL,3XL WHITE,BLACK,",/tw/zh_TW/product-detail.html?productCode=u0000000018019,https://www.uniqlo.com/tw/hmall/test/u0000000018019/main/first/561/1.jpg,"NT$1,290","COL00,COL09"
"男裝 特級抗皺Slim Fit襯衫(鈕扣領)(長袖) 464925  豐富尺碼 店取(店鋪庫存) S,M,L,XL,XS,3XL WHITE,BLUE,",/tw/zh_TW/product-detail.html?productCode=u0000000018012,https://www.uniqlo.com/tw/hmall/test/u0000000018012/main/first/561/1.jpg,"NT$1,290","COL00,COL64"
"男裝 精紡府綢格紋彈性Slim Fit襯衫(長袖) 467466  豐富尺碼 店取(店鋪庫存) XS,S,M,L,XL,XXL,3XL BLUE,",/tw/zh_TW/product-detail.html?productCode=u0000000018016,https://www.uniqlo.com/tw/hmall/test/u0000000018016/main/first/561/1.jpg,"NT$1,290",COL68
"男裝 特級抗皺Slim Fit襯衫(半寬角領)(長袖) 467480  豐富尺碼 店取(店鋪庫存) S,M,L,XL,XS,XXL,3XL WHITE,BLACK,LIGHT,",/tw/zh_TW/product-detail.html?productCode=u0000000018018,https://www.uniqlo.com/tw/hmall/test/u0000000018018/main/first/561/1.jpg,"NT$1,290","COL00,COL09,COL60"
"男裝 特級抗皺條紋Slim Fit襯衫(半寬角領)(長袖) 467482  豐富尺碼 店取(店鋪庫存) S,M,L,XL BLUE,",/tw/zh_TW/product-detail.html?productCode=u0000000018013,https://www.uniqlo.com/tw/hmall/test/u0000000018013/main/first/561/1.jpg,"NT$1,290",COL63
"男裝 牛仔工裝寬版襯衫(長袖) 467438  豐富尺碼 店取(店鋪庫存) XS,S,M,L,XL,XXL,3XL BLUE,",/tw/zh_TW/product-detail.html?productCode=u0000000018318,https://www.uniqlo.com/tw/hmall/test/u0000000018318/main/first/561/1.jpg,NT$990,COL67
"男裝 超柔棉府綢襯衫(長袖) 460980 / 455956 464930  男女適穿 豐富尺碼 店取(店鋪庫存) XS,S,M,L,XL,XXL,3XL /,/,/,",/tw/zh_TW/product-detail.html?productCode=u0000000017887,https://www.uniqlo.com/tw/hmall/test/u0000000017887/main/first/561/1.jpg,NT$990,"COL00,COL64,COL69"
"男裝 工裝寬版襯衫(長袖) 464935  男女適穿 豐富尺碼 店取(店鋪庫存) XS,S,M,L,XL,XXL,3XL OLIVE,OFF,",/tw/zh_TW/product-detail.html?productCode=u0000000017917,https://www.uniqlo.com/tw/hmall/test/u0000000017917/main/first/561/1.jpg,NT$990,"COL56,COL01"
"男裝 牛津條紋襯衫(長袖) 467442  男女適穿 豐富尺碼 店取(店鋪庫存) XS,S,M,L,XL,XXL GRAY,BLUE,",/tw/zh_TW/product-detail.html?productCode=u0000000018085,https://www.uniqlo.com/tw/hmall/test/u0000000018085/main/first/561/1.jpg,NT$990,"COL07,COL65"
"男裝 超柔棉府綢條紋襯衫(長袖) 467493  豐富尺碼 店取(店鋪庫存) XS,S,M,L,XL,XXL,3XL BLUE,",/tw/zh_TW/product-detail.html?productCode=u0000000017902,https://www.uniqlo.com/tw/hmall/test/u0000000017902/main/first/561/1.jpg,NT$990,COL66
"男裝 超柔棉府綢格紋襯衫(長袖) 467497  豐富尺碼 店取(店鋪庫存) XS,S,M,L,XL,XXL,3XL BLUE,",/tw/zh_TW/product-detail.html?productCode=u0000000017904,https://www.uniqlo.com/tw/hmall/test/u0000000017904/main/first/561/1.jpg,NT$990,COL66
"男裝 特級抗皺條紋Slim Fit襯衫(半寬角領)(長袖) 462337  豐富尺碼 店取(店鋪庫存) XS,S,M,L BLUE,",/tw/zh_TW/product-detail.html?productCode=u0000000017062,https://www.uniqlo.com/tw/hmall/test/u0000000017062/main/first/561/1.jpg,"NT$1,290",COL63
"男裝 工裝寬版襯衫(長袖) 462092  豐富尺碼 再生材質 店取(店鋪庫存) XS,S,M OLIVE,",/tw/zh_TW/product-detail.html?productCode=u0000000016851,https://www.uniqlo.com/tw/hmall/test/u0000000016851/main/first/561/1.jpg,NT$990,COL56
"男裝 特級抗皺Slim Fit襯衫 （長袖） 尺寸：S （鈕扣領）468934 462359  網路販售 合身選 店取(店鋪庫存) 38cm,39cm /,/,",/tw/zh_TW/product-detail.html?productCode=u0000000016698,https://www.uniqlo.com/tw/hmall/test/u0000000016698/main/first/561/1.jpg,"NT$1,290","COL00,COL64"
"男裝 特級抗皺Slim Fit襯衫 （長袖） 尺寸：L （鈕扣領）468936 462361  網路販售 合身選 店取(店鋪庫存) 41cm,42cm,43cm /,/,",/tw/zh_TW/product-detail.html?productCode=u0000000016701,https://www.uniqlo.com/tw/hmall/test/u0000000016701/main/first/561/1.jpg,"NT$1,290","COL00,COL64"
"男裝 特級抗皺Slim Fit襯衫 （長袖） 尺寸：XL （鈕扣領）468937 462362  網路販售 合身選 店取(店鋪庫存) 44cm,45cm /,/,",/tw/zh_TW/product-detail.html?productCode=u0000000016699,https://www.uniqlo.com/tw/hmall/test/u0000000016699/main/first/561/1.jpg,"NT$1,290","COL00,COL64"
"男裝 特級抗皺Slim Fit襯衫 （長袖） 尺寸：S （半寬角領） 462363  網路販售 合身選 店取(店鋪庫存) 38cm,39cm WHITE,LIGHT,",/tw/zh_TW/product-detail.html?productCode=u0000000016700,https://www.uniqlo.com/tw/hmall/test/u0000000016700/main/first/561/1.jpg,"NT$1,290","COL00,COL60"
"男裝 特級抗皺Slim Fit襯衫 （長袖） 尺寸：M （半寬角領）468939 462364  網路販售 合身選 店取(店鋪庫存) 39cm,40cm,41cm /,/,",/tw/zh_TW/product-detail.html?productCode=u0000000016709,https://www.uniqlo.com/tw/hmall/test/u0000000016709/main/first/561/1.jpg,"NT$1,290","COL00,COL60"
"男裝 特級抗皺Slim Fit襯衫 （長袖） 尺寸：L （半寬角領）468940 462365  網路販售 合身選 店取(店鋪庫存) 41cm,42cm,43cm /,/,",/tw/zh_TW/product-detail.html?productCode=u0000000016708,https://www.uniqlo.com/tw/hmall/test/u0000000016708/main/first/561/1.jpg,"NT$1,290","COL00,COL60"
"男裝 特級抗皺Slim Fit襯衫 （長袖） 尺寸：XL （半寬角領）468941 462366  網路販售 合身選 店取(店鋪庫存) 44cm,45cm /,/,",/tw/zh_TW/product-detail.html?productCode=u0000000016710,https://www.uniqlo.com/tw/hmall/test/u0000000016710/main/first/561/1.jpg,"NT$1,290","COL00,COL60"
"男裝 特級抗皺Slim Fit襯衫(鈕扣領)(長袖) 460975  豐富尺碼 店取(店鋪庫存) M,L,XS,S,XL,3XL WHITE,BLUE,",/tw/zh_TW/product-detail.html?productCode=u0000000016676,https://www.uniqlo.com/tw/hmall/test/u0000000016676/main/first/561/1.jpg,"NT$1,290","COL00,COL64"
"男裝 牛津條紋襯衫(長袖) 462367  男女適穿 豐富尺碼 店取(店鋪庫存) XS,S,M,L BLUE,GRAY,",/tw/zh_TW/product-detail.html?productCode=u0000000016635,https://www.uniqlo.com/tw/hmall/test/u0000000016635/main/first/561/1.jpg,NT$990,"COL65,COL07"
"男裝 特級抗皺Slim Fit襯衫 （長袖） 尺寸：M （鈕扣領）468935 462360  網路販售 合身選 店取(店鋪庫存) 39cm,40cm,41cm /,/,",/tw/zh_TW/product-detail.html?productCode=u0000000016702,https://www.uniqlo.com/tw/hmall/test/u0000000016702/main/first/561/1.jpg,"NT$1,290","COL00,COL64"
"男裝 精紡府綢彈性Slim Fit襯衫(長袖) 460973  豐富尺碼 店取(店鋪庫存) XS,S,XL,3XL,M,XXL WHITE,BLACK,",/tw/zh_TW/product-detail.html?productCode=u0000000016600,https://www.uniqlo.com/tw/hmall/test/u0000000016600/main/first/561/1.jpg,"NT$1,290","COL00,COL09"
"男裝 超柔棉府綢條紋襯衫(長袖) 462375  男女適穿 豐富尺碼 店取(店鋪庫存) XS,S,M,L,XL /,",/tw/zh_TW/product-detail.html?productCode=u0000000016597,https://www.uniqlo.com/tw/hmall/test/u0000000016597/main/first/561/1.jpg,NT$990,COL66
"男裝 超柔棉府綢格紋襯衫(長袖) 462379  男女適穿 豐富尺碼 店取(店鋪庫存) XS,S,M,L,XL BLUE,",/tw/zh_TW/product-detail.html?productCode=u0000000016599,https://www.uniqlo.com/tw/hmall/test/u0000000016599/main/first/561/1.jpg,NT$990,COL66
"男裝 DRY抗皺舒適襯衫(鈕扣領)(短袖) 455967  豐富尺碼 店取(店鋪庫存) XS,M,L,XXL WHITE,LIGHT,BLUE,",/tw/zh_TW/product-detail.html?productCode=u0000000016181,https://www.uniqlo.com/tw/hmall/test/u0000000016181/main/first/561/1.jpg,NT$990,"COL00,COL02,COL64"
"男裝 AIRism襯衫式POLO衫(短袖) 457834  男女適穿 豐富尺碼 店取(店鋪庫存) XS,S,L WHITE,GRAY,BLACK,",/tw/zh_TW/product-detail.html?productCode=u0000000015876,https://www.uniqlo.com/tw/hmall/test/u0000000015876/main/first/561/1.jpg,NT$790,"COL00,COL06,COL09"
"男裝 精紡府綢彈性合身襯衫(長袖)(鈕釦領)(格紋) 470226  店取(店鋪庫存) S,M,L,XL BLUE,",/tw/zh_TW/product-detail.html?productCode=u0000000019945,https://www.uniqlo.com/tw/hmall/test/u0000000019945/main/first/561/1.jpg,"NT$1,290",COL64
"男裝 府綢襯衫(長袖)(鈕釦領)(條紋) 470302  店取(店鋪庫存) XS,S,M,L,XL,XXL,3XL BLUE,",/tw/zh_TW/product-detail.html?productCode=u0000000019946,https://www.uniqlo.com/tw/hmall/test/u0000000019946/main/first/561/1.jpg,NT$990,COL61
"男裝 府綢襯衫(長袖)(鈕釦領)(條紋) 470303  店取(店鋪庫存) XS,S,M,L,XL,XXL,3XL BLUE,",/tw/zh_TW/product-detail.html?productCode=u0000000019941,https://www.uniqlo.com/tw/hmall/test/u0000000019941/main/first/561/1.jpg,NT$990,COL64
"男裝 府綢襯衫(長袖)(鈕釦領)(格紋) 470306  店取(店鋪庫存) XS,S,M,L,XL,XXL,3XL OFF,",/tw/zh_TW/product-detail.html?productCode=u0000000019943,https://www.uniqlo.com/tw/hmall/test/u0000000019943/main/first/561/1.jpg,NT$990,COL01
"男裝 府綢襯衫(長袖)(鈕釦領)(格紋) 472534  店取(店鋪庫存) XS,S,M,L,XL,XXL,3XL BEIGE,",/tw/zh_TW/product-detail.html?productCode=u0000000019969,https://www.uniqlo.com/tw/hmall/test/u0000000019969/main/first/561/1.jpg,NT$990,COL31
"男裝 府綢襯衫(長袖)(鈕釦領)(格紋) 472535  店取(店鋪庫存) XS,S,M,L,XL,XXL,3XL RED,",/tw/zh_TW/product-detail.html?productCode=u0000000019970,https://www.uniqlo.com/tw/hmall/test/u0000000019970/main/first/561/1.jpg,NT$990,COL17
"男裝 府綢襯衫(長袖)(鈕釦領)(格紋) 472536  店取(店鋪庫存) XS,S,M,L,XL,XXL,3XL DARK,",/tw/zh_TW/product-detail.html?productCode=u0000000019960,https://www.uniqlo.com/tw/hmall/test/u0000000019960/main/first/561/1.jpg,NT$990,COL08
"男裝 府綢襯衫(長袖)(鈕釦領)(格紋) 472537  店取(店鋪庫存) XS,S,M,L,XL,XXL,3XL DARK,",/tw/zh_TW/product-detail.html?productCode=u0000000019968,https://www.uniqlo.com/tw/hmall/test/u0000000019968/main/first/561/1.jpg,NT$990,COL59
"男裝 府綢襯衫(長袖)(鈕釦領)(格紋) 472538  店取(店鋪庫存) XS,S,M,L,XL,XXL,3XL BLUE,",/tw/zh_TW/product-detail.html?productCode=u0000000019967,https://www.uniqlo.com/tw/hmall/test/u0000000019967/main/first/561/1.jpg,NT$990,COL68
"男裝 特級抗皺舒適合身襯衫(鈕釦領) 473179  店取(店鋪庫存) S,M,L,XL WHITE,BLUE,NAVY,",/tw/zh_TW/product-detail.html?productCode=u0000000019963,https://www.uniqlo.com/tw/hmall/test/u0000000019963/main/first/561/1.jpg,"NT$1,290","COL00,COL64,COL69"
"男裝 特級抗皺舒適合身襯衫(鈕釦領/條紋) 473180  店取(店鋪庫存) S,M,L,XL BLUE,",/tw/zh_TW/product-detail.html?productCode=u0000000019964,https://www.uniqlo.com/tw/hmall/test/u0000000019964/main/first/561/1.jpg,"NT$1,290",COL66
"男裝 府綢襯衫(長袖)(鈕釦領)(格紋) 473265  店取(店鋪庫存) XS,S,M,L,XL,XXL,3XL BLUE,",/tw/zh_TW/product-detail.html?productCode=u0000000019962,https://www.uniqlo.com/tw/hmall/test/u0000000019962/main/first/561/1.jpg,NT$990,COL65
"男裝 特級抗皺舒適合身襯衫(鈕釦領/條紋) 473289  店取(店鋪庫存) S,M,L,XL BLUE,",/tw/zh_TW/product-detail.html?productCode=u0000000019965,https://www.uniqlo.com/tw/hmall/test/u0000000019965/main/first/561/1.jpg,"NT$1,290",COL63
"男裝 特級抗皺合身襯衫(長袖)(半寬角領)(格紋) 473296  店取(店鋪庫存) XS,S,M,L,XL,XXL,3XL BLUE,",/tw/zh_TW/product-detail.html?productCode=u0000000019961,https://www.uniqlo.com/tw/hmall/test/u0000000019961/main/first/561/1.jpg,"NT$1,290",COL64
"男裝 特級抗皺合身襯衫(長袖)(鈕釦領)(條紋) 473385  店取(店鋪庫存) XS,S,M,L,XL,XXL,3XL BLUE,",/tw/zh_TW/product-detail.html?productCode=u0000000019966,https://www.uniqlo.com/tw/hmall/test/u0000000019966/main/first/561/1.jpg,"NT$1,290",COL62
"男裝 府綢襯衫(長袖)(鈕釦領)(格紋) 473281  店取(店鋪庫存) XS,S,M,L,XL,XXL,3XL BLUE,",/tw/zh_TW/product-detail.html?productCode=u0000000019823,https://www.uniqlo.com/tw/hmall/test/u0000000019823/main/first/561/1.jpg,NT$990,COL66
"男裝 精紡府綢彈性合身襯衫(長袖)(標準領) 470213  店取(店鋪庫存) S,M,L,XL WHITE,BLACK,",/tw/zh_TW/product-detail.html?productCode=u0000000019589,https://www.uniqlo.com/tw/hmall/test/u0000000019589/main/first/561/1.jpg,"NT$1,290","COL00,COL09"
"男裝 精紡府綢彈性合身襯衫(長袖)(鈕釦領)(格紋) 470229  店取(店鋪庫存) S,M,L,XL BLUE,",/tw/zh_TW/product-detail.html?productCode=u0000000019596,https://www.uniqlo.com/tw/hmall/test/u0000000019596/main/first/561/1.jpg,"NT$1,290",COL68
"男裝 牛仔工裝寬版襯衫(長袖) 470299  店取(店鋪庫存) S,M,L,XL BLUE,BLACK,",/tw/zh_TW/product-detail.html?productCode=u0000000019590,https://www.uniqlo.com/tw/hmall/test/u0000000019590/main/first/561/1.jpg,NT$990,"COL67,COL09"
"男裝 特級亞麻襯衫(長袖) 464932  店取(店鋪庫存) S,M,L,XL WHITE,BLACK,BEIGE,BLUE,",/tw/zh_TW/product-detail.html?productCode=u0000000018642,https://www.uniqlo.com/tw/hmall/test/u0000000018642/main/first/561/1.jpg,"NT$1,290","COL00,COL09,COL31,COL65"
"男裝 牛津襯衫(長袖) 460978 464929  店取(店鋪庫存) XS,S,M,L,XL,XXL,3XL /,/,/,/,",/tw/zh_TW/product-detail.html?productCode=u0000000017916,https://www.uniqlo.com/tw/hmall/test/u0000000017916/main/first/561/1.jpg,NT$990,"COL01,COL69,COL06,COL64"
"男裝 工裝寬版襯衫(長袖) 464935  超值精選 店取(店鋪庫存) XS,S,M,L,XL,XXL BEIGE,",/tw/zh_TW/product-detail.html?productCode=u0000000020150,https://www.uniqlo.com/tw/hmall/test/u0000000020150/main/first/561/1.jpg,NT$590,COL31
"男裝 特級亞麻襯衫(長袖) 464932  超值精選 店取(店鋪庫存) S,M,L,XL,XS ORANGE,KHAKI,OLIVE,BLUE,",/tw/zh_TW/product-detail.html?productCode=u0000000020048,https://www.uniqlo.com/tw/hmall/test/u0000000020048/main/first/561/1.jpg,NT$590,"COL24,COL33,COL57,COL67"
"男裝 木代爾棉質印花開領襯衫(短袖) 467513  超值精選 店取(店鋪庫存) XS,S,M,L,XL BLACK,NAVY,",/tw/zh_TW/product-detail.html?productCode=u0000000019979,https://www.uniqlo.com/tw/hmall/test/u0000000019979/main/first/561/1.jpg,NT$490,"COL09,COL69"
"男裝 AIRism棉質襯衫式開領POLO衫(短袖) 472593  超值精選 店取(店鋪庫存) XS,S,M,L,XL WINE,",/tw/zh_TW/product-detail.html?productCode=u0000000019339,https://www.uniqlo.com/tw/hmall/test/u0000000019339/main/first/561/1.jpg,NT$390,COL18
"男裝 超柔棉府綢印花襯衫(鈕扣領)(長袖) 456657  超值精選 店取(店鋪庫存) XS WHITE,",/tw/zh_TW/product-detail.html?productCode=u0000000019568,https://www.uniqlo.com/tw/hmall/test/u0000000019568/main/first/561/1.jpg,NT$390,COL00
"男裝 超柔棉府綢格紋襯衫(長袖) 467497  超值精選 店取(店鋪庫存) XS,S,L PURPLE,",/tw/zh_TW/product-detail.html?productCode=u0000000019565,https://www.uniqlo.com/tw/hmall/test/u0000000019565/main/first/561/1.jpg,NT$390,COL76
"男裝 超柔棉府綢印花襯衫(長袖) 462386  超值精選 店取(店鋪庫存) XS,S,M WHITE,",/tw/zh_TW/product-detail.html?productCode=u0000000019562,https://www.uniqlo.com/tw/hmall/test/u0000000019562/main/first/561/1.jpg,NT$390,COL00
"男裝 超柔棉府綢印花襯衫(長袖) 467500  超值精選 店取(店鋪庫存) XS,S,M,XL WHITE,",/tw/zh_TW/product-detail.html?productCode=u0000000019553,https://www.uniqlo.com/tw/hmall/test/u0000000019553/main/first/561/1.jpg,NT$390,COL00
"男裝 泡泡紗襯衫(短袖) 466938  超值精選 店取(店鋪庫存) XS,S,M,L BEIGE,BLUE,NAVY,",/tw/zh_TW/product-detail.html?productCode=u0000000019360,https://www.uniqlo.com/tw/hmall/test/u0000000019360/main/first/561/1.jpg,NT$490,"COL32,COL65,COL69"
"男裝 棉麻立領襯衫(長袖) 464933  超值精選 店取(店鋪庫存) L,XL BLUE,",/tw/zh_TW/product-detail.html?productCode=u0000000018953,https://www.uniqlo.com/tw/hmall/test/u0000000018953/main/first/561/1.jpg,NT$490,COL65
"男裝 DRY抗皺舒適條紋襯衫(鈕扣領)(短袖) 467508  超值精選 店取(店鋪庫存) XS,S,M,L,XL,3XL PINK,",/tw/zh_TW/product-detail.html?productCode=u0000000018941,https://www.uniqlo.com/tw/hmall/test/u0000000018941/main/first/561/1.jpg,NT$490,COL10
"男裝 感動襯衫式外套(輕量透氣)(仿棉質) 464917  超值精選 店取(店鋪庫存) S,M BLACK,BEIGE,",/tw/zh_TW/product-detail.html?productCode=u0000000018585,https://www.uniqlo.com/tw/hmall/test/u0000000018585/main/first/561/1.jpg,NT$590,"COL09,COL31"
"男裝 感動襯衫式外套(輕量透氣)(仿羊毛) 470993  超值精選 店取(店鋪庫存) S,M,XL NAVY,",/tw/zh_TW/product-detail.html?productCode=u0000000018641,https://www.uniqlo.com/tw/hmall/test/u0000000018641/main/first/561/1.jpg,NT$590,COL69
"男裝 開領襯衫(長袖) 464936  超值精選 店取(店鋪庫存) M BROWN,",/tw/zh_TW/product-detail.html?productCode=u0000000018637,https://www.uniqlo.com/tw/hmall/test/u0000000018637/main/first/561/1.jpg,NT$390,COL36
"男裝 AIRism棉質襯衫式開領POLO衫(短袖) 467515  超值精選 店取(店鋪庫存) S,M,L,XL WHITE,YELLOW,OLIVE,NAVY,",/tw/zh_TW/product-detail.html?productCode=u0000000018567,https://www.uniqlo.com/tw/hmall/test/u0000000018567/main/first/561/1.jpg,NT$390,"COL00,COL41,COL56,COL69"
"男裝 精紡府綢格紋彈性Slim Fit襯衫(長袖) 467463  超值精選 店取(店鋪庫存) XS,S,L,XL,3XL BLUE,",/tw/zh_TW/product-detail.html?productCode=u0000000018017,https://www.uniqlo.com/tw/hmall/test/u0000000018017/main/first/561/1.jpg,NT$590,COL63
"男裝 超柔棉府綢條紋襯衫(長袖) 467496  超值精選 店取(店鋪庫存) XS,S,M,L,XXL BLUE,",/tw/zh_TW/product-detail.html?productCode=u0000000017903,https://www.uniqlo.com/tw/hmall/test/u0000000017903/main/first/561/1.jpg,NT$590,COL67
"男裝 超柔棉府綢格紋襯衫(長袖) 467499  超值精選 店取(店鋪庫存) S OFF,NAVY,",/tw/zh_TW/product-detail.html?productCode=u0000000017914,https://www.uniqlo.com/tw/hmall/test/u0000000017914/main/first/561/1.jpg,NT$390,"COL01,COL69"
"男裝 超柔棉府綢印花襯衫(長袖) 467500  超值精選 店取(店鋪庫存) XS,S,M,L,XL,XXL,3XL BLUE,",/tw/zh_TW/product-detail.html?productCode=u0000000017915,https://www.uniqlo.com/tw/hmall/test/u0000000017915/main/first/561/1.jpg,NT$590,COL68
"男裝 法蘭絨格紋襯衫(長袖) 462401  超值精選 店取(店鋪庫存) S,M BLACK,RED,BLUE,",/tw/zh_TW/product-detail.html?productCode=u0000000017035,https://www.uniqlo.com/tw/hmall/test/u0000000017035/main/first/561/1.jpg,NT$390,"COL09,COL17,COL64"
"男裝 法蘭絨格紋襯衫(長袖) 462404  超值精選 店取(店鋪庫存) XS,S NATURAL,OLIVE,",/tw/zh_TW/product-detail.html?productCode=u0000000017045,https://www.uniqlo.com/tw/hmall/test/u0000000017045/main/first/561/1.jpg,NT$390,"COL30,COL56"
"男裝 超柔棉府綢印花襯衫(長袖) 456657 462386  超值精選 店取(店鋪庫存) XS,S,M,L,XL /,",/tw/zh_TW/product-detail.html?productCode=u0000000016636,https://www.uniqlo.com/tw/hmall/test/u0000000016636/main/first/561/1.jpg,NT$590,COL68
"男裝 DRY抗皺舒適條紋襯衫(鈕扣領)(短袖) 457432  超值精選 店取(店鋪庫存) XS,S BLUE,",/tw/zh_TW/product-detail.html?productCode=u0000000015995,https://www.uniqlo.com/tw/hmall/test/u0000000015995/main/first/561/1.jpg,NT$490,COL66
"男裝 特級抗皺Slim Fit襯衫(鈕扣領)(長袖) 455951  超值精選 店取(店鋪庫存) XL BLUE,",/tw/zh_TW/product-detail.html?productCode=u0000000015235,https://www.uniqlo.com/tw/hmall/test/u0000000015235/main/first/561/1.jpg,NT$590,COL64
"男裝 超柔棉府綢襯衫(長袖) 455956  超值精選 店取(店鋪庫存) XS,S WHITE,BLUE,NAVY,",/tw/zh_TW/product-detail.html?productCode=u0000000020137,https://www.uniqlo.com/tw/hmall/test/u0000000020137/main/first/561/1.jpg,NT$590,"COL00,COL64,COL69"
"男裝 特級抗皺Slim Fit襯衫(半寬角領)(長袖) 456591  超值精選 店取(店鋪庫存) XS BLACK,LIGHT,",/tw/zh_TW/product-detail.html?productCode=u0000000015236,https://www.uniqlo.com/tw/hmall/test/u0000000015236/main/first/561/1.jpg,NT$590,"COL09,COL60"
"男裝 超柔棉府綢條紋襯衫(長袖) 456640  超值精選 店取(店鋪庫存) S BLUE,",/tw/zh_TW/product-detail.html?productCode=u0000000020152,https://www.uniqlo.com/tw/hmall/test/u0000000020152/main/first/561/1.jpg,NT$590,COL66
"男裝 牛津襯衫(長袖) 455955  超值精選 店取(店鋪庫存) XS,S,M GRAY,NAVY,",/tw/zh_TW/product-detail.html?productCode=u0000000020249,https://www.uniqlo.com/tw/hmall/test/u0000000020249/main/first/561/1.jpg,NT$590,"COL06,COL69"
