title,product_link,product_image_url,price,color_codes
"女裝 特級彈性AIRism短版T恤(短袖) 465762  限時特優 店取(店鋪庫存) S,M,L,XL,XXL,3XL WHITE,BLACK,BROWN,PURPLE,PINK,DARK,DARK,",/tw/zh_TW/product-detail.html?productCode=u0000000019391,https://www.uniqlo.com/tw/hmall/test/u0000000019391/main/first/561/1.jpg,NT$490,"COL00,COL09,COL36,COL72,COL10,COL39,COL58"
"女裝 SUPIMA COTTON圓領T恤(短袖) 468503  限時特優 豐富尺碼 店取(店鋪庫存) XS,S,M,L,XL,XXL,3XL WHITE,GRAY,BLACK,PINK,DARK,PINK,DARK,",/tw/zh_TW/product-detail.html?productCode=u0000000019029,https://www.uniqlo.com/tw/hmall/test/u0000000019029/main/first/561/1.jpg,NT$290,"COL00,COL04,COL09,COL10,COL38,COL12,COL59"
"女裝 美型耐皺紗T恤(無袖) 472558  超值精選 店取(店鋪庫存) S,M,L,XL BLACK,NATURAL,OLIVE,",/tw/zh_TW/product-detail.html?productCode=u0000000019486,https://www.uniqlo.com/tw/hmall/test/u0000000019486/main/first/561/1.jpg,NT$290,"COL09,COL30,COL56"
"女裝 AIRism垂墜風T恤(短袖) 465757  超值精選 店取(店鋪庫存) S,M,L,XL,XS,XXL WHITE,LIGHT,GRAY,BLACK,RED,GREEN,BLUE,",/tw/zh_TW/product-detail.html?productCode=u0000000018611,https://www.uniqlo.com/tw/hmall/test/u0000000018611/main/first/561/1.jpg,NT$290,"COL00,COL02,COL07,COL09,COL13,COL51,COL68"
"女裝 棉質寬版T恤(五分袖) 470122  超值精選 店取(店鋪庫存) S,M,L,XL WHITE,BLACK,OLIVE,LIGHT,",/tw/zh_TW/product-detail.html?productCode=u0000000019346,https://www.uniqlo.com/tw/hmall/test/u0000000019346/main/first/561/1.jpg,NT$290,"COL00,COL09,COL57,COL60"
"女裝 船型領T恤(無袖) 468625  超值精選 店取(店鋪庫存) XS,S,M,L,XL,XXL,3XL WHITE,BLACK,PINK,DARK,BLUE,",/tw/zh_TW/product-detail.html?productCode=u0000000019077,https://www.uniqlo.com/tw/hmall/test/u0000000019077/main/first/561/1.jpg,NT$190,"COL00,COL09,COL10,COL38,COL61"
"女裝 AIRism無縫V領長版T恤(短袖) 468584  超值精選 店取(店鋪庫存) S,M,L,XL,XXL,3XL WHITE,BLACK,BROWN,LIGHT,PURPLE,",/tw/zh_TW/product-detail.html?productCode=u0000000018520,https://www.uniqlo.com/tw/hmall/test/u0000000018520/main/first/561/1.jpg,NT$390,"COL00,COL09,COL36,COL50,COL73"
"女裝 泡泡瑪特 UT印花T恤(短袖) 472156  超值精選 店取(店鋪庫存) XS,S,M,L,XL DARK,",/tw/zh_TW/product-detail.html?productCode=u0000000019222,https://www.uniqlo.com/tw/hmall/test/u0000000019222/main/first/561/1.jpg,NT$390,COL08
"女裝 泡泡瑪特 UT印花T恤(短袖) 472157  超值精選 店取(店鋪庫存) XS,S,M,L PINK,",/tw/zh_TW/product-detail.html?productCode=u0000000019228,https://www.uniqlo.com/tw/hmall/test/u0000000019228/main/first/561/1.jpg,NT$390,COL10
"女裝 泡泡瑪特 UT印花T恤(短袖) 472158  超值精選 店取(店鋪庫存) XS,S,M,L,XL GREEN,",/tw/zh_TW/product-detail.html?productCode=u0000000019219,https://www.uniqlo.com/tw/hmall/test/u0000000019219/main/first/561/1.jpg,NT$390,COL51
"女裝 泡泡瑪特 UT印花T恤(短袖) 472159  超值精選 店取(店鋪庫存) XS,S,M,L,XL OFF,",/tw/zh_TW/product-detail.html?productCode=u0000000019227,https://www.uniqlo.com/tw/hmall/test/u0000000019227/main/first/561/1.jpg,NT$390,COL01
"女裝 泡泡瑪特 UT印花T恤(短袖) 472160  超值精選 店取(店鋪庫存) XS,S,M,L,XL BLACK,",/tw/zh_TW/product-detail.html?productCode=u0000000019225,https://www.uniqlo.com/tw/hmall/test/u0000000019225/main/first/561/1.jpg,NT$390,COL09
"女裝 柔軟羅紋圓領T恤(短袖) 465756  超值精選 店取(店鋪庫存) S,M,L,XL,XXL,3XL,XS WHITE,BLACK,PINK,ORANGE,BEIGE,OLIVE,",/tw/zh_TW/product-detail.html?productCode=u0000000018610,https://www.uniqlo.com/tw/hmall/test/u0000000018610/main/first/561/1.jpg,NT$290,"COL00,COL09,COL10,COL24,COL32,COL56"
"女裝 柔軟羅紋條紋圓領T恤(短袖) 467363  超值精選 店取(店鋪庫存) XS,S,M,L,XL OFF,NAVY,",/tw/zh_TW/product-detail.html?productCode=u0000000018609,https://www.uniqlo.com/tw/hmall/test/u0000000018609/main/first/561/1.jpg,NT$290,"COL01,COL69"
"女裝 UTGP2024: The Louvre UT印花T恤(短袖) 465719  超值精選 店取(店鋪庫存) XS,S,M,L,XL,3XL WHITE,",/tw/zh_TW/product-detail.html?productCode=u0000000019445,https://www.uniqlo.com/tw/hmall/test/u0000000019445/main/first/561/1.jpg,NT$190,COL00
"女裝 UTGP2024: The Louvre UT印花T恤(短袖) 473260  超值精選 店取(店鋪庫存) XS,S,M,L,XL LIGHT,",/tw/zh_TW/product-detail.html?productCode=u0000000019446,https://www.uniqlo.com/tw/hmall/test/u0000000019446/main/first/561/1.jpg,NT$190,COL70
"女裝 UTGP2024: The Louvre UT印花T恤(短袖) 473261  超值精選 店取(店鋪庫存) XS,S,M,L,XL BLUE,",/tw/zh_TW/product-detail.html?productCode=u0000000019447,https://www.uniqlo.com/tw/hmall/test/u0000000019447/main/first/561/1.jpg,NT$190,COL67
"女裝 UTGP2024: The Louvre UT印花T恤(短袖) 473262  超值精選 店取(店鋪庫存) XS,S,M,L,XL BLACK,",/tw/zh_TW/product-detail.html?productCode=u0000000019448,https://www.uniqlo.com/tw/hmall/test/u0000000019448/main/first/561/1.jpg,NT$190,COL09
"女裝 Hello Kitty 50th Anniversary UT印花T恤(短袖) 467112  超值精選 店取(店鋪庫存) XS,S,M,L,XL NAVY,",/tw/zh_TW/product-detail.html?productCode=u0000000018819,https://www.uniqlo.com/tw/hmall/test/u0000000018819/main/first/561/1.jpg,NT$290,COL69
"女裝 Hello Kitty 50th Anniversary UT印花T恤(短袖) 470947  超值精選 店取(店鋪庫存) S,M,L PURPLE,",/tw/zh_TW/product-detail.html?productCode=u0000000018826,https://www.uniqlo.com/tw/hmall/test/u0000000018826/main/first/561/1.jpg,NT$290,COL72
"女裝 Hello Kitty 50th Anniversary UT印花T恤(短袖) 470950  超值精選 店取(店鋪庫存) XS,S,M,L,XL WHITE,",/tw/zh_TW/product-detail.html?productCode=u0000000018820,https://www.uniqlo.com/tw/hmall/test/u0000000018820/main/first/561/1.jpg,NT$290,COL00
"女裝 Hello Kitty 50th Anniversary UT印花T恤(短袖) 470951  超值精選 店取(店鋪庫存) XS,S,M,L,XL DARK,",/tw/zh_TW/product-detail.html?productCode=u0000000018828,https://www.uniqlo.com/tw/hmall/test/u0000000018828/main/first/561/1.jpg,NT$290,COL08
"女裝 HEATTECH EXTRA WARM極暖喀什米爾混紡圓領T恤(長袖) 469765  9月上旬販售 新作商品 店取(店鋪庫存) XS,S,M,L,XL,XXL,3XL GRAY,BLACK,PINK,NATURAL,OLIVE,",/tw/zh_TW/product-detail.html?productCode=u0000000020374,https://www.uniqlo.com/tw/hmall/test/u0000000020374/main/first/561/1.jpg,NT$790,"COL07,COL09,COL10,COL30,COL56"
"女裝 HEATTECH EXTRA WARM極暖喀什米爾混紡高領T恤(長袖) 471601  9月上旬販售 新作商品 店取(店鋪庫存) XS,S,M,L,XL,XXL,3XL GRAY,BLACK,NATURAL,DARK,OLIVE,DARK,",/tw/zh_TW/product-detail.html?productCode=u0000000020381,https://www.uniqlo.com/tw/hmall/test/u0000000020381/main/first/561/1.jpg,NT$790,"COL07,COL09,COL30,COL39,COL56,COL59"
"女裝 HEATTECH 刷毛高領T恤(長袖) 470142  9月上旬販售 新作商品 店取(店鋪庫存) S,M,L,XL OFF,LIGHT,BLACK,PINK,BEIGE,DARK,",/tw/zh_TW/product-detail.html?productCode=u0000000020275,https://www.uniqlo.com/tw/hmall/test/u0000000020275/main/first/561/1.jpg,NT$590,"COL01,COL02,COL09,COL11,COL32,COL58"
"女裝 柔軟針織刷毛圓領T恤(長袖) 470143  9月上旬販售 新作商品 店取(店鋪庫存) XS,S,M,L,XL,XXL,3XL OFF,GRAY,BLACK,PINK,BEIGE,OLIVE,BLUE,",/tw/zh_TW/product-detail.html?productCode=u0000000020255,https://www.uniqlo.com/tw/hmall/test/u0000000020255/main/first/561/1.jpg,NT$590,"COL01,COL03,COL09,COL10,COL32,COL56,COL67"
"女裝 柔軟針織刷毛羅紋中高領T恤(長袖) 470144  9月上旬販售 新作商品 店取(店鋪庫存) S,M,L,XL GRAY,BLACK,NATURAL,DARK,GREEN,NAVY,",/tw/zh_TW/product-detail.html?productCode=u0000000020270,https://www.uniqlo.com/tw/hmall/test/u0000000020270/main/first/561/1.jpg,NT$590,"COL06,COL09,COL30,COL39,COL52,COL69"
"女裝 MAGIC FOR ALL with 長場雄 UT印花T恤(短袖) 466944  新作商品 店取(店鋪庫存) XS,S,M,L,XL,XXL,3XL WHITE,",/tw/zh_TW/product-detail.html?productCode=u0000000019839,https://www.uniqlo.com/tw/hmall/test/u0000000019839/main/first/561/1.jpg,NT$590,COL00
"女裝 MAGIC FOR ALL with 長場雄 UT印花T恤(短袖) 475332  新作商品 店取(店鋪庫存) XS,S,M,L,XL,XXL,3XL NATURAL,",/tw/zh_TW/product-detail.html?productCode=u0000000019842,https://www.uniqlo.com/tw/hmall/test/u0000000019842/main/first/561/1.jpg,NT$590,COL30
"女裝 MAGIC FOR ALL with 長場雄 UT印花T恤(短袖) 475333  新作商品 店取(店鋪庫存) XS,S,M,L,XL,XXL,3XL LIGHT,",/tw/zh_TW/product-detail.html?productCode=u0000000019829,https://www.uniqlo.com/tw/hmall/test/u0000000019829/main/first/561/1.jpg,NT$590,COL60
"女裝 MAGIC FOR ALL with 長場雄 UT印花T恤(短袖) 475334  新作商品 店取(店鋪庫存) XS,S,M,L,XL,XXL,3XL DARK,",/tw/zh_TW/product-detail.html?productCode=u0000000019845,https://www.uniqlo.com/tw/hmall/test/u0000000019845/main/first/561/1.jpg,NT$590,COL08
"女裝  PEANUTS UT印花T恤(短袖) 466945  8月下旬販售 新作商品 店取(店鋪庫存) S,M,L,XL OFF,",/tw/zh_TW/product-detail.html?productCode=u0000000020225,https://www.uniqlo.com/tw/hmall/test/u0000000020225/main/first/561/1.jpg,NT$590,COL01
"女裝 HEATTECH 棉質EXTRA WARM極暖圓領T恤(長袖) 469751  8月下旬販售 新作商品 店取(店鋪庫存) XS,S,M,L,XL,XXL,3XL OFF,GRAY,BLACK,PINK,NAVY,",/tw/zh_TW/product-detail.html?productCode=u0000000020230,https://www.uniqlo.com/tw/hmall/test/u0000000020230/main/first/561/1.jpg,NT$790,"COL01,COL03,COL09,COL11,COL69"
"女裝 HEATTECH ULTRA WARM超極暖圓領T恤(長袖) 469756  8月下旬販售 新作商品 店取(店鋪庫存) XS,S,M,L,XL,XXL,3XL OFF,GRAY,BLACK,BEIGE,",/tw/zh_TW/product-detail.html?productCode=u0000000020220,https://www.uniqlo.com/tw/hmall/test/u0000000020220/main/first/561/1.jpg,NT$990,"COL01,COL03,COL09,COL31"
"女裝 羅紋中高領T恤(長袖) 470126  8月下旬販售 新作商品 店取(店鋪庫存) S,M,L,XL OFF,LIGHT,BLACK,PINK,BROWN,BLUE,",/tw/zh_TW/product-detail.html?productCode=u0000000020242,https://www.uniqlo.com/tw/hmall/test/u0000000020242/main/first/561/1.jpg,NT$590,"COL01,COL02,COL09,COL11,COL37,COL68"
"女裝 羅紋中高領條紋T恤(長袖) 472870  8月下旬販售 新作商品 店取(店鋪庫存) S,M,L,XL OFF,BLACK,",/tw/zh_TW/product-detail.html?productCode=u0000000020234,https://www.uniqlo.com/tw/hmall/test/u0000000020234/main/first/561/1.jpg,NT$590,"COL01,COL09"
"女裝  PEANUTS UT印花T恤(短袖) 473527  8月下旬販售 新作商品 店取(店鋪庫存) S,M,L,XL PINK,",/tw/zh_TW/product-detail.html?productCode=u0000000020239,https://www.uniqlo.com/tw/hmall/test/u0000000020239/main/first/561/1.jpg,NT$590,COL11
"女裝  PEANUTS UT印花T恤(短袖) 473528  8月下旬販售 新作商品 店取(店鋪庫存) S,M,L,XL BLUE,",/tw/zh_TW/product-detail.html?productCode=u0000000020224,https://www.uniqlo.com/tw/hmall/test/u0000000020224/main/first/561/1.jpg,NT$590,COL67
"女裝  PEANUTS UT印花T恤(短袖) 473529  8月下旬販售 新作商品 店取(店鋪庫存) S,M,L,XL DARK,",/tw/zh_TW/product-detail.html?productCode=u0000000020200,https://www.uniqlo.com/tw/hmall/test/u0000000020200/main/first/561/1.jpg,NT$590,COL08
"女裝 miffy UT印花T恤(短袖) 466943  新作商品 店取(店鋪庫存) XS,S,M,L,XL,XXL,3XL WHITE,",/tw/zh_TW/product-detail.html?productCode=u0000000019728,https://www.uniqlo.com/tw/hmall/test/u0000000019728/main/first/561/1.jpg,NT$590,COL00
"女裝 miffy UT印花T恤(短袖) 471147  新作商品 店取(店鋪庫存) XS,S,M,L,XL,XXL,3XL DARK,",/tw/zh_TW/product-detail.html?productCode=u0000000019745,https://www.uniqlo.com/tw/hmall/test/u0000000019745/main/first/561/1.jpg,NT$590,COL08
"女裝 miffy UT印花T恤(短袖) 475464  新作商品 店取(店鋪庫存) XS,S,M,L,XL,XXL,3XL BLACK,",/tw/zh_TW/product-detail.html?productCode=u0000000019748,https://www.uniqlo.com/tw/hmall/test/u0000000019748/main/first/561/1.jpg,NT$590,COL09
"女裝 miffy UT印花T恤(短袖) 475465  新作商品 店取(店鋪庫存) XS,S,M,L,XL,XXL,3XL WHITE,",/tw/zh_TW/product-detail.html?productCode=u0000000019732,https://www.uniqlo.com/tw/hmall/test/u0000000019732/main/first/561/1.jpg,NT$590,COL00
"女裝 miffy UT印花T恤(短袖) 475466  新作商品 店取(店鋪庫存) XS,S,M,L,XL,XXL,3XL BLACK,",/tw/zh_TW/product-detail.html?productCode=u0000000019751,https://www.uniqlo.com/tw/hmall/test/u0000000019751/main/first/561/1.jpg,NT$590,COL09
"女裝 HEATTECH U領T恤(8分袖) 469740  新作商品 店取(店鋪庫存) XS,S,M,L,XL,XXL,3XL WHITE,LIGHT,DARK,BLACK,PINK,NAVY,",/tw/zh_TW/product-detail.html?productCode=u0000000020076,https://www.uniqlo.com/tw/hmall/test/u0000000020076/main/first/561/1.jpg,NT$590,"COL00,COL02,COL08,COL09,COL11,COL69"
"女裝 HEATTECH 圓領T恤(長袖) 469742  新作商品 店取(店鋪庫存) XS,S,M,L,XL,XXL,3XL WHITE,LIGHT,OLIVE,BLUE,",/tw/zh_TW/product-detail.html?productCode=u0000000020135,https://www.uniqlo.com/tw/hmall/test/u0000000020135/main/first/561/1.jpg,NT$590,"COL00,COL02,COL57,COL61"
"女裝 HEATTECH 棉質EXTRA WARM極暖U領T恤(8分袖) 469746  豐富尺碼 新作商品 店取(店鋪庫存) XS,S,M,L,XL,XXL,3XL OFF,LIGHT,BLACK,",/tw/zh_TW/product-detail.html?productCode=u0000000020214,https://www.uniqlo.com/tw/hmall/test/u0000000020214/main/first/561/1.jpg,NT$790,"COL01,COL02,COL09"
"女裝 彈性柔滑棉圓領T恤(長袖) 470123  新作商品 店取(店鋪庫存) S,M,L,XL WHITE,DARK,BLACK,PINK,WINE,OLIVE,",/tw/zh_TW/product-detail.html?productCode=u0000000019998,https://www.uniqlo.com/tw/hmall/test/u0000000019998/main/first/561/1.jpg,NT$390,"COL00,COL08,COL09,COL12,COL19,COL56"
"女裝 柔滑棉寬版T恤(長袖) 470129  新作商品 店取(店鋪庫存) S,M,L,XL WHITE,BLACK,",/tw/zh_TW/product-detail.html?productCode=u0000000020015,https://www.uniqlo.com/tw/hmall/test/u0000000020015/main/first/561/1.jpg,NT$590,"COL00,COL09"
"女裝 柔滑棉寬版條紋T恤(長袖) 472868  新作商品 店取(店鋪庫存) S,M,L,XL OFF,BROWN,DARK,NAVY,",/tw/zh_TW/product-detail.html?productCode=u0000000020010,https://www.uniqlo.com/tw/hmall/test/u0000000020010/main/first/561/1.jpg,NT$590,"COL01,COL35,COL58,COL69"
"女裝 HEATTECH 圓領T恤(長袖) 469768  新作商品 店取(店鋪庫存) XS,S,M,L,XL,XXL,3XL WHITE,LIGHT,DARK,BLACK,OLIVE,BLUE,",/tw/zh_TW/product-detail.html?productCode=u0000000020117,https://www.uniqlo.com/tw/hmall/test/u0000000020117/main/first/561/1.jpg,NT$590,"COL00,COL02,COL08,COL09,COL57,COL61"
"女裝 HEATTECH U領T恤(8分袖) 472364  新作商品 店取(店鋪庫存) XS,S,M,L,XL,XXL,3XL WHITE,LIGHT,DARK,BLACK,PINK,NAVY,",/tw/zh_TW/product-detail.html?productCode=u0000000020091,https://www.uniqlo.com/tw/hmall/test/u0000000020091/main/first/561/1.jpg,NT$590,"COL00,COL02,COL08,COL09,COL11,COL69"
"女裝 華夫格圓領T恤(長袖) 470127  新作商品 店取(店鋪庫存) XS,S,M,L,XL,XXL,3XL BLACK,NATURAL,WHITE,PINK,GREEN,NAVY,",/tw/zh_TW/product-detail.html?productCode=u0000000019813,https://www.uniqlo.com/tw/hmall/test/u0000000019813/main/first/561/1.jpg,NT$590,"COL09,COL30,COL00,COL12,COL51,COL69"
"女裝 圓領T恤(短袖) 476510  新作商品 店取(店鋪庫存) XS,S,M,L,XL,3XL,XXL WHITE,DARK,BLACK,PINK,BEIGE,BROWN,GREEN,NAVY,PURPLE,",/tw/zh_TW/product-detail.html?productCode=u0000000019866,https://www.uniqlo.com/tw/hmall/test/u0000000019866/main/first/561/1.jpg,NT$390,"COL00,COL08,COL09,COL12,COL31,COL34,COL52"
"女裝 HEATTECH棉質EXTRA WARM極暖U領T恤(8分袖) 469748 460380  新作商品 店取(店鋪庫存) S,M,L,XL /,/,/,/,",/tw/zh_TW/product-detail.html?productCode=u0000000017577,https://www.uniqlo.com/tw/hmall/test/u0000000017577/main/first/561/1.jpg,NT$790,"COL01,COL08,COL09,COL02"
"女裝 特級彈性AIRism短版T恤(長袖) 475335  再生材質 店取(店鋪庫存) S,M,L,XL WHITE,BLACK,PINK,DARK,DARK,",/tw/zh_TW/product-detail.html?productCode=u0000000019724,https://www.uniqlo.com/tw/hmall/test/u0000000019724/main/first/561/1.jpg,NT$590,"COL00,COL09,COL10,COL39,COL58"
"女裝 貓福珊迪 UT印花T恤(短袖) 476175  豐富尺碼 店取(店鋪庫存) XS,S,M,L,XL,XXL,3XL WHITE,",/tw/zh_TW/product-detail.html?productCode=u0000000019803,https://www.uniqlo.com/tw/hmall/test/u0000000019803/main/first/561/1.jpg,NT$590,COL00
"女裝 貓福珊迪 UT印花T恤(短袖) 476464  豐富尺碼 店取(店鋪庫存) XS,S,M,L,XL,XXL,3XL PINK,",/tw/zh_TW/product-detail.html?productCode=u0000000019820,https://www.uniqlo.com/tw/hmall/test/u0000000019820/main/first/561/1.jpg,NT$590,COL10
"女裝 貓福珊迪 UT印花T恤(短袖) 476465  豐富尺碼 店取(店鋪庫存) XS,S,M,L,XL,XXL,3XL LIGHT,",/tw/zh_TW/product-detail.html?productCode=u0000000019822,https://www.uniqlo.com/tw/hmall/test/u0000000019822/main/first/561/1.jpg,NT$590,COL60
"女裝 貓福珊迪 UT印花T恤(短袖) 476466  豐富尺碼 店取(店鋪庫存) XS,S,M,L,XL,XXL NAVY,",/tw/zh_TW/product-detail.html?productCode=u0000000019810,https://www.uniqlo.com/tw/hmall/test/u0000000019810/main/first/561/1.jpg,NT$590,COL69
"女裝 MAGIC FOR ALL ICONS 短版UT印花T恤(短袖) 473183  豐富尺碼 店取(店鋪庫存) XS,S,M,L,XL,XXL,3XL WHITE,",/tw/zh_TW/product-detail.html?productCode=u0000000019612,https://www.uniqlo.com/tw/hmall/test/u0000000019612/main/first/561/1.jpg,NT$590,COL00
"女裝 MAGIC FOR ALL ICONS 短版UT印花T恤(短袖) 473465  豐富尺碼 店取(店鋪庫存) XS,S,M,L,XL,XXL,3XL PINK,",/tw/zh_TW/product-detail.html?productCode=u0000000019608,https://www.uniqlo.com/tw/hmall/test/u0000000019608/main/first/561/1.jpg,NT$590,COL12
"女裝 MAGIC FOR ALL ICONS 短版UT印花T恤(短袖) 473466  豐富尺碼 店取(店鋪庫存) XS,S,M,L,XL,XXL,3XL BLACK,",/tw/zh_TW/product-detail.html?productCode=u0000000019609,https://www.uniqlo.com/tw/hmall/test/u0000000019609/main/first/561/1.jpg,NT$590,COL09
"女裝 MAGIC FOR ALL ICONS 短版UT印花T恤(短袖) 473467  豐富尺碼 店取(店鋪庫存) XS,S,M,L,XL,XXL,3XL OFF,",/tw/zh_TW/product-detail.html?productCode=u0000000019611,https://www.uniqlo.com/tw/hmall/test/u0000000019611/main/first/561/1.jpg,NT$590,COL01
"女裝 短版條紋T恤(短袖) 476248  豐富尺碼 店取(店鋪庫存) XS,S,M,L,XL,XXL,3XL BEIGE,DARK,NAVY,",/tw/zh_TW/product-detail.html?productCode=u0000000019718,https://www.uniqlo.com/tw/hmall/test/u0000000019718/main/first/561/1.jpg,NT$390,"COL31,COL58,COL69"
"女裝 羅紋方領BRATOP短版T恤(短袖) 476370  豐富尺碼 店取(店鋪庫存) XS,S,M,L,XL,XXL,3XL WHITE,BLACK,DARK,BLUE,",/tw/zh_TW/product-detail.html?productCode=u0000000019895,https://www.uniqlo.com/tw/hmall/test/u0000000019895/main/first/561/1.jpg,NT$790,"COL00,COL09,COL39,COL61"
"女裝 壓褶T恤(短袖) 467046  豐富尺碼 店取(店鋪庫存) XS,S,M,L,XL,XXL,3XL WHITE,LIGHT,BLACK,BEIGE,DARK,",/tw/zh_TW/product-detail.html?productCode=u0000000018810,https://www.uniqlo.com/tw/hmall/test/u0000000018810/main/first/561/1.jpg,NT$390,"COL00,COL02,COL09,COL31,COL38"
"女裝 短版T恤(短袖) 465760  豐富尺碼 店取(店鋪庫存) XS,S,M,L,XL,XXL,3XL WHITE,BLACK,GRAY,PINK,NATURAL,BLUE,",/tw/zh_TW/product-detail.html?productCode=u0000000018613,https://www.uniqlo.com/tw/hmall/test/u0000000018613/main/first/561/1.jpg,NT$390,"COL00,COL09,COL03,COL10,COL30,COL64"
"女裝 AIRism棉質T恤(短袖) 465755  豐富尺碼 店取(店鋪庫存) XS,S,M,L,XL,XXL,3XL WHITE,LIGHT,GRAY,BLACK,PINK,CREAM,GREEN,RED,KHAKI,",/tw/zh_TW/product-detail.html?productCode=u0000000018472,https://www.uniqlo.com/tw/hmall/test/u0000000018472/main/first/561/1.jpg,NT$390,"COL00,COL02,COL07,COL09,COL10,COL40,COL51"
"女裝 圓領T恤(短袖) 455758 465754  豐富尺碼 店取(店鋪庫存) XS,S,M,L,XL,XXL,3XL 00,08,09,12,31,34,52,69,/,/,/,/,",/tw/zh_TW/product-detail.html?productCode=u0000000018277,https://www.uniqlo.com/tw/hmall/test/u0000000018277/main/first/561/1.jpg,NT$390,"COL00,COL08,COL09,COL12,COL31,COL34,COL52"
"女裝 華夫格圓領T恤(長袖) 459786 465752  豐富尺碼 店取(店鋪庫存) XS,S,M,L,XL,XXL,3XL /,/,/,/,/,",/tw/zh_TW/product-detail.html?productCode=u0000000018086,https://www.uniqlo.com/tw/hmall/test/u0000000018086/main/first/561/1.jpg,NT$590,"COL01,COL09,COL30,COL10,COL53"
"女裝 HEATTECH棉質EXTRA WARM極暖圓領T恤(長袖) 460389  豐富尺碼 店取(店鋪庫存) S,M,L,XL OFF,GRAY,BLACK,",/tw/zh_TW/product-detail.html?productCode=u0000000017579,https://www.uniqlo.com/tw/hmall/test/u0000000017579/main/first/561/1.jpg,NT$790,"COL01,COL03,COL09"
"女裝 HEATTECH U領T恤(8分袖) 460349  豐富尺碼 店取(店鋪庫存) S,M,L,XL WHITE,LIGHT,DARK,BLACK,",/tw/zh_TW/product-detail.html?productCode=u0000000017269,https://www.uniqlo.com/tw/hmall/test/u0000000017269/main/first/561/1.jpg,NT$590,"COL00,COL02,COL08,COL09"
"女裝 HEATTECH圓領T恤(長袖) 460354  豐富尺碼 店取(店鋪庫存) XS,S,M,L,XL,XXL,3XL WHITE,LIGHT,DARK,BLACK,",/tw/zh_TW/product-detail.html?productCode=u0000000017276,https://www.uniqlo.com/tw/hmall/test/u0000000017276/main/first/561/1.jpg,NT$590,"COL00,COL02,COL08,COL09"
"女裝 圓領T恤(短袖) 462666  豐富尺碼 店取(店鋪庫存) XS /,/,",/tw/zh_TW/product-detail.html?productCode=u0000000016993,https://www.uniqlo.com/tw/hmall/test/u0000000016993/main/first/561/1.jpg,NT$390,"COL08,COL31"
"女裝 短版T恤(短袖) 465760  超值精選 店取(店鋪庫存) XS,S,M,L,XL,3XL PINK,GREEN,BLUE,",/tw/zh_TW/product-detail.html?productCode=u0000000019903,https://www.uniqlo.com/tw/hmall/test/u0000000019903/main/first/561/1.jpg,NT$190,"COL12,COL52,COL61"
"女裝 短版T恤(短袖) 465760  超值精選 店取(店鋪庫存) XS,S,M,L,XL,XXL,3XL DARK,DARK,",/tw/zh_TW/product-detail.html?productCode=u0000000020409,https://www.uniqlo.com/tw/hmall/test/u0000000020409/main/first/561/1.jpg,NT$290,"COL58,COL59"
"女裝 SUPIMA COTTON圓領T恤(短袖) 468503  超值精選 店取(店鋪庫存) XS,S,M,L,XXL,3XL,XL CREAM,NAVY,",/tw/zh_TW/product-detail.html?productCode=u0000000019860,https://www.uniqlo.com/tw/hmall/test/u0000000019860/main/first/561/1.jpg,NT$190,"COL40,COL69"
"女裝 Find Your TREASURE UT印花T恤(短袖) 466942  超值精選 店取(店鋪庫存) XS,S,M,L,XL BLACK,",/tw/zh_TW/product-detail.html?productCode=u0000000019213,https://www.uniqlo.com/tw/hmall/test/u0000000019213/main/first/561/1.jpg,NT$290,COL09
"女裝 Find Your TREASURE UT印花T恤(短袖) 472369  超值精選 店取(店鋪庫存) S,M,L,XL,XXL WHITE,",/tw/zh_TW/product-detail.html?productCode=u0000000019214,https://www.uniqlo.com/tw/hmall/test/u0000000019214/main/first/561/1.jpg,NT$290,COL00
"女裝 Find Your TREASURE UT印花T恤(短袖) 472371  超值精選 店取(店鋪庫存) XS,S,M,L,XL,XXL,3XL NAVY,",/tw/zh_TW/product-detail.html?productCode=u0000000019215,https://www.uniqlo.com/tw/hmall/test/u0000000019215/main/first/561/1.jpg,NT$290,COL69
"女裝 Find Your TREASURE UT印花T恤(短袖) 472372  超值精選 店取(店鋪庫存) XS,S,M,L,XL,XXL,3XL CREAM,",/tw/zh_TW/product-detail.html?productCode=u0000000019216,https://www.uniqlo.com/tw/hmall/test/u0000000019216/main/first/561/1.jpg,NT$290,COL40
"女裝 Find Your TREASURE UT印花T恤(短袖) 472373  超值精選 店取(店鋪庫存) S,M,L,XL LIGHT,",/tw/zh_TW/product-detail.html?productCode=u0000000019217,https://www.uniqlo.com/tw/hmall/test/u0000000019217/main/first/561/1.jpg,NT$290,COL60
"女裝 Find Your TREASURE UT印花T恤(短袖) 472374  超值精選 店取(店鋪庫存) S,M,L,XL,XXL,3XL WHITE,",/tw/zh_TW/product-detail.html?productCode=u0000000019218,https://www.uniqlo.com/tw/hmall/test/u0000000019218/main/first/561/1.jpg,NT$290,COL00
"女裝 印花T恤(短袖) 465717  超值精選 店取(店鋪庫存) S OLIVE,",/tw/zh_TW/product-detail.html?productCode=u0000000019413,https://www.uniqlo.com/tw/hmall/test/u0000000019413/main/first/561/1.jpg,NT$290,COL56
"女裝 印花T恤(短袖) 468612  超值精選 店取(店鋪庫存) M GREEN,",/tw/zh_TW/product-detail.html?productCode=u0000000019422,https://www.uniqlo.com/tw/hmall/test/u0000000019422/main/first/561/1.jpg,NT$290,COL54
"女裝 印花T恤(無袖) 468613  超值精選 店取(店鋪庫存) S,M BLUE,",/tw/zh_TW/product-detail.html?productCode=u0000000019416,https://www.uniqlo.com/tw/hmall/test/u0000000019416/main/first/561/1.jpg,NT$290,COL67
"女裝 印花T恤(無袖) 468615  超值精選 店取(店鋪庫存) S,M PINK,",/tw/zh_TW/product-detail.html?productCode=u0000000019417,https://www.uniqlo.com/tw/hmall/test/u0000000019417/main/first/561/1.jpg,NT$290,COL11
"女裝 泡泡瑪特 UT印花T恤(短袖) 465720  超值精選 店取(店鋪庫存) XS,S,M,L,XL WHITE,",/tw/zh_TW/product-detail.html?productCode=u0000000019223,https://www.uniqlo.com/tw/hmall/test/u0000000019223/main/first/561/1.jpg,NT$390,COL00
"女裝 PEANUTS Sports Club UT印花T恤(短袖) 471135  超值精選 店取(店鋪庫存) S,M PINK,",/tw/zh_TW/product-detail.html?productCode=u0000000019079,https://www.uniqlo.com/tw/hmall/test/u0000000019079/main/first/561/1.jpg,NT$390,COL11
"女裝 Hello Kitty 50th Anniversary UT印花T恤(短袖) 470949  超值精選 店取(店鋪庫存) L BLUE,",/tw/zh_TW/product-detail.html?productCode=u0000000018816,https://www.uniqlo.com/tw/hmall/test/u0000000018816/main/first/561/1.jpg,NT$290,COL61
"女裝 Disney Collection UT印花T恤(短袖) 468558  超值精選 店取(店鋪庫存) S,M,L,XL WHITE,",/tw/zh_TW/product-detail.html?productCode=u0000000019038,https://www.uniqlo.com/tw/hmall/test/u0000000019038/main/first/561/1.jpg,NT$290,COL00
"女裝 圓領T恤(短袖) 462666  超值精選 店取(店鋪庫存) XS /,",/tw/zh_TW/product-detail.html?productCode=u0000000019162,https://www.uniqlo.com/tw/hmall/test/u0000000019162/main/first/561/1.jpg,NT$190,COL44
"女裝 棉質寬版短版T恤(短袖) 467214  超值精選 店取(店鋪庫存) XS,M,L,XL,XXL,S,3XL WHITE,BLACK,PINK,RED,OLIVE,BLUE,",/tw/zh_TW/product-detail.html?productCode=u0000000018967,https://www.uniqlo.com/tw/hmall/test/u0000000018967/main/first/561/1.jpg,NT$390,"COL00,COL09,COL10,COL15,COL56,COL61"
"女裝 細褶無袖T恤 467047  超值精選 店取(店鋪庫存) XL,XXL,S,M,L OFF,BLACK,BEIGE,BLUE,",/tw/zh_TW/product-detail.html?productCode=u0000000018949,https://www.uniqlo.com/tw/hmall/test/u0000000018949/main/first/561/1.jpg,NT$290,"COL01,COL09,COL31,COL68"
"女裝 PEANUTS Sports Club UT印花T恤(短袖) 465716  超值精選 店取(店鋪庫存) XS,S,L WHITE,",/tw/zh_TW/product-detail.html?productCode=u0000000018829,https://www.uniqlo.com/tw/hmall/test/u0000000018829/main/first/561/1.jpg,NT$390,COL00
"女裝 PEANUTS Sports Club UT印花T恤(短袖) 468606  超值精選 店取(店鋪庫存) XS,S,M,L,XL YELLOW,",/tw/zh_TW/product-detail.html?productCode=u0000000018812,https://www.uniqlo.com/tw/hmall/test/u0000000018812/main/first/561/1.jpg,NT$390,COL41
"女裝 PEANUTS Sports Club UT印花T恤(短袖) 468607  超值精選 店取(店鋪庫存) XS,S,M,L,XL LIGHT,",/tw/zh_TW/product-detail.html?productCode=u0000000018827,https://www.uniqlo.com/tw/hmall/test/u0000000018827/main/first/561/1.jpg,NT$390,COL60
"女裝 PEANUTS Sports Club UT印花T恤(短袖) 468609  超值精選 店取(店鋪庫存) XS,S,M,XL DARK,",/tw/zh_TW/product-detail.html?productCode=u0000000018821,https://www.uniqlo.com/tw/hmall/test/u0000000018821/main/first/561/1.jpg,NT$390,COL08
"女裝 PEANUTS Sports Club UT印花T恤(短袖) 468610  超值精選 店取(店鋪庫存) XS,S,M,L,XL,3XL OFF,",/tw/zh_TW/product-detail.html?productCode=u0000000018805,https://www.uniqlo.com/tw/hmall/test/u0000000018805/main/first/561/1.jpg,NT$390,COL01
"女裝 PEANUTS Sports Club UT印花T恤(短袖) 469311  超值精選 店取(店鋪庫存) XS,S,M,L,XL BLUE,",/tw/zh_TW/product-detail.html?productCode=u0000000018813,https://www.uniqlo.com/tw/hmall/test/u0000000018813/main/first/561/1.jpg,NT$390,COL67
"女裝 AIRism防曬抗UV圓領T恤(長袖)(絲質混紡) 464455  超值精選 店取(店鋪庫存) S,M,L,XL WHITE,GRAY,BLACK,YELLOW,BLUE,",/tw/zh_TW/product-detail.html?productCode=u0000000018542,https://www.uniqlo.com/tw/hmall/test/u0000000018542/main/first/561/1.jpg,NT$190,"COL00,COL03,COL09,COL41,COL61"
"女裝 Disney collection UT印花T恤(短袖) 468557  超值精選 店取(店鋪庫存) S WHITE,",/tw/zh_TW/product-detail.html?productCode=u0000000018302,https://www.uniqlo.com/tw/hmall/test/u0000000018302/main/first/561/1.jpg,NT$290,COL00
"女裝 Disney collection UT印花T恤(短袖) 468559  超值精選 店取(店鋪庫存) S DARK,",/tw/zh_TW/product-detail.html?productCode=u0000000018297,https://www.uniqlo.com/tw/hmall/test/u0000000018297/main/first/561/1.jpg,NT$290,COL08
"女裝 Disney collection UT印花T恤(短袖) 468561  超值精選 店取(店鋪庫存) XS,S BROWN,",/tw/zh_TW/product-detail.html?productCode=u0000000018300,https://www.uniqlo.com/tw/hmall/test/u0000000018300/main/first/561/1.jpg,NT$290,COL34
"女裝 Disney collection UT印花T恤(短袖) 468562  超值精選 店取(店鋪庫存) XS,S,M LIGHT,",/tw/zh_TW/product-detail.html?productCode=u0000000018296,https://www.uniqlo.com/tw/hmall/test/u0000000018296/main/first/561/1.jpg,NT$290,COL50
"女裝 短版T恤(短袖) 462667  超值精選 店取(店鋪庫存) XS,S YELLOW,",/tw/zh_TW/product-detail.html?productCode=u0000000016868,https://www.uniqlo.com/tw/hmall/test/u0000000016868/main/first/561/1.jpg,NT$190,COL47
"女裝 SUPIMA COTTON圓領T恤(短袖) 455763  超值精選 店取(店鋪庫存) XS /,",/tw/zh_TW/product-detail.html?productCode=u0000000015418,https://www.uniqlo.com/tw/hmall/test/u0000000015418/main/first/561/1.jpg,NT$190,COL67
