title,product_link,product_image_url,price,color_codes
"女裝 鏤空V領針織短版開襟外套(長袖) 468541  超值精選 店取(店鋪庫存) S,M,L,XL,XXL,3XL OFF,LIGHT,BLACK,ORANGE,OLIVE,",/tw/zh_TW/product-detail.html?productCode=u0000000019022,https://www.uniqlo.com/tw/hmall/test/u0000000019022/main/first/561/1.jpg,NT$490,"COL01,COL02,COL09,COL27,COL56"
"女裝 棉質抽繩外套 465842  超值精選 店取(店鋪庫存) S,M,L,XL,3XL,XS,XXL DARK,BEIGE,OLIVE,",/tw/zh_TW/product-detail.html?productCode=u0000000018955,https://www.uniqlo.com/tw/hmall/test/u0000000018955/main/first/561/1.jpg,NT$590,"COL08,COL32,COL56"
"女裝 防潑水寬版連帽外套 465467  超值精選 店取(店鋪庫存) XS,S,M,L,XL BLACK,PINK,NATURAL,GREEN,BEIGE,",/tw/zh_TW/product-detail.html?productCode=u0000000018446,https://www.uniqlo.com/tw/hmall/test/u0000000018446/main/first/561/1.jpg,NT$990,"COL09,COL11,COL30,COL55,COL31"
"女裝 AIRism防曬抗UV網眼連帽外套(長袖) 465748  超值精選 店取(店鋪庫存) XS,S,M,L,XL,XXL PINK,",/tw/zh_TW/product-detail.html?productCode=u0000000020141,https://www.uniqlo.com/tw/hmall/test/u0000000020141/main/first/561/1.jpg,NT$590,COL11
"女裝 AIRism防曬抗UV網眼連帽外套(長袖) 471117  超值精選 店取(店鋪庫存) XS,S,M,L,XL,XXL DARK,",/tw/zh_TW/product-detail.html?productCode=u0000000020138,https://www.uniqlo.com/tw/hmall/test/u0000000020138/main/first/561/1.jpg,NT$590,COL08
"女裝 無縫羽絨連帽外套 469896  9月上旬販售 新作商品 店取(店鋪庫存) XS,S,M,L,XL,XXL,3XL OFF,GRAY,BLACK,BEIGE,BLUE,",/tw/zh_TW/product-detail.html?productCode=u0000000020338,https://www.uniqlo.com/tw/hmall/test/u0000000020338/main/first/561/1.jpg,"NT$3,990","COL01,COL07,COL09,COL31,COL67"
"女裝 蓬鬆羽絨外套 469901  9月上旬販售 新作商品 店取(店鋪庫存) XS,S,M,L,XL,XXL,3XL OFF,GRAY,BLACK,OLIVE,",/tw/zh_TW/product-detail.html?productCode=u0000000020334,https://www.uniqlo.com/tw/hmall/test/u0000000020334/main/first/561/1.jpg,"NT$3,490","COL01,COL07,COL09,COL56"
"女裝 羽絨短版外套 472011  9月上旬販售 新作商品 店取(店鋪庫存) XS,S,M,L,XL,XXL BLACK,OLIVE,NAVY,",/tw/zh_TW/product-detail.html?productCode=u0000000020373,https://www.uniqlo.com/tw/hmall/test/u0000000020373/main/first/561/1.jpg,"NT$3,490","COL09,COL56,COL69"
"女裝 PUFFTECH 輕暖科技外套 472013  9月上旬販售 新作商品 店取(店鋪庫存) XS,S,M,L,XL,XXL BLACK,KHAKI,",/tw/zh_TW/product-detail.html?productCode=u0000000020380,https://www.uniqlo.com/tw/hmall/test/u0000000020380/main/first/561/1.jpg,"NT$3,490","COL09,COL33"
"女裝 寬版外套 472016  9月上旬販售 新作商品 店取(店鋪庫存) XS,S,M,L,XL,XXL GRAY,BLACK,",/tw/zh_TW/product-detail.html?productCode=u0000000020354,https://www.uniqlo.com/tw/hmall/test/u0000000020354/main/first/561/1.jpg,"NT$3,490","COL05,COL09"
"女裝 喀什米爾圓領短版開襟外套(長袖) 472095  9月上旬販售 新作商品 店取(店鋪庫存) XS,S,M,L,XL,XXL BLACK,PINK,NATURAL,BEIGE,BEIGE,",/tw/zh_TW/product-detail.html?productCode=u0000000020371,https://www.uniqlo.com/tw/hmall/test/u0000000020371/main/first/561/1.jpg,"NT$3,490","COL09,COL10,COL30,COL31,COL32"
"女裝 毛呢寬版外套 473575  9月上旬販售 新作商品 店取(店鋪庫存) XS,S,M,L,XL,XXL DARK,",/tw/zh_TW/product-detail.html?productCode=u0000000020366,https://www.uniqlo.com/tw/hmall/test/u0000000020366/main/first/561/1.jpg,"NT$3,490",COL08
"女裝 寬版外套 469905  9月上旬販售 新作商品 店取(店鋪庫存) S,M,L,XL GRAY,GREEN,BLUE,NAVY,",/tw/zh_TW/product-detail.html?productCode=u0000000020272,https://www.uniqlo.com/tw/hmall/test/u0000000020272/main/first/561/1.jpg,"NT$1,690","COL03,COL55,COL68,COL69"
"女裝 長刷毛外套(長袖) 470137  9月上旬販售 新作商品 店取(店鋪庫存) XS,S,M,L,XL,XXL,3XL OFF,BLACK,PINK,NATURAL,BROWN,DARK,",/tw/zh_TW/product-detail.html?productCode=u0000000020284,https://www.uniqlo.com/tw/hmall/test/u0000000020284/main/first/561/1.jpg,NT$790,"COL01,COL09,COL11,COL30,COL36,COL58"
"女裝 毛絨刷毛開襟外套(長袖) 470139  9月上旬販售 新作商品 店取(店鋪庫存) S,M,L,XL OFF,DARK,BLACK,DARK,",/tw/zh_TW/product-detail.html?productCode=u0000000020262,https://www.uniqlo.com/tw/hmall/test/u0000000020262/main/first/561/1.jpg,"NT$1,290","COL01,COL08,COL09,COL59"
"女裝 防風防潑水刷毛連帽外套(長袖) 472150  新作商品 店取(店鋪庫存) S,M,L,XL,XXL BLACK,",/tw/zh_TW/product-detail.html?productCode=u0000000020259,https://www.uniqlo.com/tw/hmall/test/u0000000020259/main/first/561/1.jpg,"NT$1,490",COL09
"女裝 美麗諾圓領開襟外套(長袖) 469411  新作商品 店取(店鋪庫存) S,M,L,XL OFF,GRAY,BLACK,PINK,BEIGE,GREEN,NAVY,",/tw/zh_TW/product-detail.html?productCode=u0000000020166,https://www.uniqlo.com/tw/hmall/test/u0000000020166/main/first/561/1.jpg,"NT$1,290","COL01,COL03,COL09,COL10,COL32,COL55,COL69"
"女裝 美麗諾羅紋POLO開襟外套(長袖) 469483  新作商品 店取(店鋪庫存) S,M,L,XL OFF,GRAY,BLACK,OLIVE,NAVY,",/tw/zh_TW/product-detail.html?productCode=u0000000020154,https://www.uniqlo.com/tw/hmall/test/u0000000020154/main/first/561/1.jpg,"NT$1,290","COL01,COL06,COL09,COL57,COL69"
"女裝 磨毛寬版布勞森外套 469778  新作商品 店取(店鋪庫存) XS,S,M,L,XL,XXL,3XL GRAY,DARK,NAVY,",/tw/zh_TW/product-detail.html?productCode=u0000000020079,https://www.uniqlo.com/tw/hmall/test/u0000000020079/main/first/561/1.jpg,"NT$1,690","COL04,COL08,COL69"
"女裝 PUFFTECH 輕暖科技輕薄型外套 469862  新作商品 店取(店鋪庫存) XS,S,M,L,XL,XXL,3XL OFF,BLACK,PINK,BEIGE,OLIVE,",/tw/zh_TW/product-detail.html?productCode=u0000000020095,https://www.uniqlo.com/tw/hmall/test/u0000000020095/main/first/561/1.jpg,"NT$1,690","COL01,COL09,COL12,COL32,COL56"
"女裝 PUFFTECH 輕暖科技外套 469864  新作商品 店取(店鋪庫存) XS,S,M,L,XL,XXL,3XL BLACK,NATURAL,BEIGE,OLIVE,",/tw/zh_TW/product-detail.html?productCode=u0000000020158,https://www.uniqlo.com/tw/hmall/test/u0000000020158/main/first/561/1.jpg,"NT$1,990","COL09,COL30,COL32,COL57"
"女裝 特級極輕羽絨外套 469869  新作商品 店取(店鋪庫存) XS,S,M,L,XL,XXL,3XL OFF,BLACK,",/tw/zh_TW/product-detail.html?productCode=u0000000020217,https://www.uniqlo.com/tw/hmall/test/u0000000020217/main/first/561/1.jpg,"NT$2,490","COL01,COL09"
"女裝 PUFFTECH 輕暖科技連帽外套 469871  新作商品 店取(店鋪庫存) XS,S,M,L,XL,XXL,3XL DARK,BLACK,NATURAL,PURPLE,",/tw/zh_TW/product-detail.html?productCode=u0000000020243,https://www.uniqlo.com/tw/hmall/test/u0000000020243/main/first/561/1.jpg,"NT$1,990","COL08,COL09,COL30,COL72"
"女裝 DRY休閒寬版連帽外套(長袖) 471616  新作商品 店取(店鋪庫存) S,M,L,XL BLACK,NATURAL,OLIVE,",/tw/zh_TW/product-detail.html?productCode=u0000000020034,https://www.uniqlo.com/tw/hmall/test/u0000000020034/main/first/561/1.jpg,NT$990,"COL09,COL30,COL57"
"女裝 柔軟舒膚V領短版開襟外套(長袖) 469428  再生材質 店取(店鋪庫存) XS,S,M,L,XL,XXL,3XL OFF,DARK,PINK,BEIGE,LIGHT,BLUE,PURPLE,",/tw/zh_TW/product-detail.html?productCode=u0000000019950,https://www.uniqlo.com/tw/hmall/test/u0000000019950/main/first/561/1.jpg,NT$990,"COL01,COL08,COL10,COL31,COL50,COL63,COL73"
"女裝 柔軟舒膚V領短版開襟外套(長袖)(條紋) 471595  再生材質 店取(店鋪庫存) XS,S,M,L,XL,XXL,3XL OFF,GRAY,",/tw/zh_TW/product-detail.html?productCode=u0000000019956,https://www.uniqlo.com/tw/hmall/test/u0000000019956/main/first/561/1.jpg,NT$990,"COL01,COL07"
"女裝 防潑水雙面連帽外套 469779  豐富尺碼 再生材質 店取(店鋪庫存) XS,S,M,L,XL,XXL,3XL GRAY,BLACK,PINK,NATURAL,GREEN,",/tw/zh_TW/product-detail.html?productCode=u0000000019730,https://www.uniqlo.com/tw/hmall/test/u0000000019730/main/first/561/1.jpg,"NT$1,290","COL07,COL09,COL11,COL30,COL51"
"女裝 西裝外套 469908  再生材質 店取(店鋪庫存) S,M,L,XL GRAY,BLACK,OLIVE,",/tw/zh_TW/product-detail.html?productCode=u0000000019605,https://www.uniqlo.com/tw/hmall/test/u0000000019605/main/first/561/1.jpg,"NT$1,990","COL05,COL09,COL56"
"女裝 特級彈性AIRism外套 475336  再生材質 店取(店鋪庫存) S,M,L,XL BLACK,PINK,DARK,DARK,",/tw/zh_TW/product-detail.html?productCode=u0000000019826,https://www.uniqlo.com/tw/hmall/test/u0000000019826/main/first/561/1.jpg,NT$990,"COL09,COL10,COL39,COL58"
"女裝 牛仔休閒外套(長袖) 469777  豐富尺碼 店取(店鋪庫存) XS,S,M,L,XL,XXL,3XL BEIGE,BLUE,BLUE,",/tw/zh_TW/product-detail.html?productCode=u0000000019525,https://www.uniqlo.com/tw/hmall/test/u0000000019525/main/first/561/1.jpg,"NT$1,690","COL31,COL65,COL68"
"女裝 編織圓領開襟外套(長袖) 471612  豐富尺碼 再生材質 店取(店鋪庫存) XS,S,M,L,XL,XXL,3XL OFF,GRAY,PINK,BEIGE,NAVY,",/tw/zh_TW/product-detail.html?productCode=u0000000019522,https://www.uniqlo.com/tw/hmall/test/u0000000019522/main/first/561/1.jpg,"NT$1,290","COL01,COL03,COL10,COL31,COL69"
"女裝 可攜式防曬抗UV連帽外套 469773  豐富尺碼 再生材質 店取(店鋪庫存) XS,S,M,L,XL,XXL,3XL,4XL OFF,LIGHT,BLACK,PINK,BEIGE,BLUE,",/tw/zh_TW/product-detail.html?productCode=u0000000019511,https://www.uniqlo.com/tw/hmall/test/u0000000019511/main/first/561/1.jpg,"NT$1,290","COL01,COL02,COL09,COL12,COL32,COL67"
"女裝 AIRism防曬抗UV網眼連帽外套(長袖) 471117  豐富尺碼 再生材質 店取(店鋪庫存) XS,S,M,L,XL,XXL,3XL PURPLE,",/tw/zh_TW/product-detail.html?productCode=u0000000019343,https://www.uniqlo.com/tw/hmall/test/u0000000019343/main/first/561/1.jpg,NT$990,COL71
"女裝 AIRism防曬抗UV網眼連帽外套(長袖) 465748  豐富尺碼 再生材質 店取(店鋪庫存) XS,S,M,L,XL,XXL,3XL WHITE,GRAY,BLACK,PINK,BLUE,",/tw/zh_TW/product-detail.html?productCode=u0000000018556,https://www.uniqlo.com/tw/hmall/test/u0000000018556/main/first/561/1.jpg,NT$990,"COL00,COL03,COL09,COL10,COL61"
"女裝 可攜式防曬抗UV連帽外套 465466  豐富尺碼 再生材質 店取(店鋪庫存) XL,XXL,3XL,4XL,XS,S,M,L OFF,LIGHT,BLACK,",/tw/zh_TW/product-detail.html?productCode=u0000000018193,https://www.uniqlo.com/tw/hmall/test/u0000000018193/main/first/561/1.jpg,"NT$1,290","COL01,COL02,COL09"
"女裝 可攜式防曬抗UV連帽外套(印花) 467410  豐富尺碼 再生材質 店取(店鋪庫存) XS,S,M,L,XL,XXL,3XL,4XL LIGHT,",/tw/zh_TW/product-detail.html?productCode=u0000000018184,https://www.uniqlo.com/tw/hmall/test/u0000000018184/main/first/561/1.jpg,"NT$1,290",COL60
"女裝 防風防潑水刷毛連帽外套(長袖) 462054  豐富尺碼 店取(店鋪庫存) S,M,L,XL,XXL BLACK,PINK,NATURAL,",/tw/zh_TW/product-detail.html?productCode=u0000000017514,https://www.uniqlo.com/tw/hmall/test/u0000000017514/main/first/561/1.jpg,"NT$1,490","COL09,COL10,COL30"
"女裝 AIRism防曬抗UV網眼連帽外套(長袖) 456261  豐富尺碼 再生材質 店取(店鋪庫存) XS,S,XXL,L WHITE,GRAY,BLACK,PINK,BLUE,",/tw/zh_TW/product-detail.html?productCode=u0000000015546,https://www.uniqlo.com/tw/hmall/test/u0000000015546/main/first/561/1.jpg,NT$990,"COL00,COL03,COL09,COL10,COL61"
"女裝 休閒外套 469775  店取(店鋪庫存) S,M,L,XL BLACK,NATURAL,BEIGE,",/tw/zh_TW/product-detail.html?productCode=u0000000019885,https://www.uniqlo.com/tw/hmall/test/u0000000019885/main/first/561/1.jpg,"NT$1,290","COL09,COL30,COL31"
"女裝 可機洗針織羅紋開襟外套(長袖) 472074  店取(店鋪庫存) S,M,L,XL BLACK,NATURAL,KHAKI,DARK,",/tw/zh_TW/product-detail.html?productCode=u0000000019887,https://www.uniqlo.com/tw/hmall/test/u0000000019887/main/first/561/1.jpg,NT$790,"COL09,COL30,COL33,COL58"
"女裝 可攜式防曬抗UV連帽外套(印花) 467410  超值精選 店取(店鋪庫存) S,M,L,XL,XXL,3XL,4XL YELLOW,",/tw/zh_TW/product-detail.html?productCode=u0000000020146,https://www.uniqlo.com/tw/hmall/test/u0000000020146/main/first/561/1.jpg,NT$990,COL41
"女裝 AIRism防曬抗UV網眼連帽外套(長袖) 456261  超值精選 店取(店鋪庫存) XS,S,M,L,XL LIGHT,",/tw/zh_TW/product-detail.html?productCode=u0000000020139,https://www.uniqlo.com/tw/hmall/test/u0000000020139/main/first/561/1.jpg,NT$590,COL21
"女裝 AIRism防曬抗UV網眼連帽外套(長袖) 465748  超值精選 店取(店鋪庫存) XS,S,M,L,XL,XXL NATURAL,BLUE,",/tw/zh_TW/product-detail.html?productCode=u0000000020405,https://www.uniqlo.com/tw/hmall/test/u0000000020405/main/first/561/1.jpg,NT$790,"COL30,COL68"
"女裝 可攜式防曬抗UV連帽外套 465466  超值精選 店取(店鋪庫存) XS,S,M,L,XL,XXL,3XL,4XL PURPLE,PINK,",/tw/zh_TW/product-detail.html?productCode=u0000000020149,https://www.uniqlo.com/tw/hmall/test/u0000000020149/main/first/561/1.jpg,NT$990,"COL74,COL10"
"女裝 Miracle Air 西裝外套 468890  超值精選 店取(店鋪庫存) S,M,L,XL OLIVE,",/tw/zh_TW/product-detail.html?productCode=u0000000019567,https://www.uniqlo.com/tw/hmall/test/u0000000019567/main/first/561/1.jpg,NT$590,COL56
"女裝 休閒外套 465469  超值精選 店取(店鋪庫存) S,M,L,XL GREEN,",/tw/zh_TW/product-detail.html?productCode=u0000000019405,https://www.uniqlo.com/tw/hmall/test/u0000000019405/main/first/561/1.jpg,NT$590,COL53
"女裝 寬版西裝外套 467013  超值精選 店取(店鋪庫存) S,M KHAKI,",/tw/zh_TW/product-detail.html?productCode=u0000000019094,https://www.uniqlo.com/tw/hmall/test/u0000000019094/main/first/561/1.jpg,NT$790,COL33
"女裝 蕾絲圓領短版開襟外套(長袖) 466361  超值精選 店取(店鋪庫存) S,L,XL,XXL PINK,RED,GREEN,",/tw/zh_TW/product-detail.html?productCode=u0000000018971,https://www.uniqlo.com/tw/hmall/test/u0000000018971/main/first/561/1.jpg,NT$390,"COL10,COL15,COL55"
"女裝 3D織法鏤空開襟外套(長袖) 465487  超值精選 店取(店鋪庫存) M,L BLACK,",/tw/zh_TW/product-detail.html?productCode=u0000000018587,https://www.uniqlo.com/tw/hmall/test/u0000000018587/main/first/561/1.jpg,NT$390,COL09
"女裝 防曬抗UV圓領開襟外套(長袖) 465484  超值精選 店取(店鋪庫存) L,XL,S,M PINK,PINK,GREEN,BLUE,",/tw/zh_TW/product-detail.html?productCode=u0000000018614,https://www.uniqlo.com/tw/hmall/test/u0000000018614/main/first/561/1.jpg,NT$390,"COL10,COL12,COL53,COL64"
"女裝 Miracle Air 西裝外套 468890  超值精選 店取(店鋪庫存) S,M,L,XL,XXL,3XL,XS BLACK,BEIGE,NAVY,",/tw/zh_TW/product-detail.html?productCode=u0000000018615,https://www.uniqlo.com/tw/hmall/test/u0000000018615/main/first/561/1.jpg,"NT$1,690","COL09,COL31,COL69"
"女裝 休閒外套 465469  超值精選 店取(店鋪庫存) S,M,L,XXL,3XL,XS,XL BLACK,NATURAL,BEIGE,",/tw/zh_TW/product-detail.html?productCode=u0000000018283,https://www.uniqlo.com/tw/hmall/test/u0000000018283/main/first/561/1.jpg,NT$590,"COL09,COL30,COL31"
"女裝 無縫羽絨連帽外套 460920  超值精選 店取(店鋪庫存) S,M PURPLE,",/tw/zh_TW/product-detail.html?productCode=u0000000017795,https://www.uniqlo.com/tw/hmall/test/u0000000017795/main/first/561/1.jpg,"NT$2,990",COL71
"女裝 特級極輕羽絨外套 460914  超值精選 店取(店鋪庫存) S,M,L,XL,XXL,XS OFF,BLACK,PINK,NAVY,",/tw/zh_TW/product-detail.html?productCode=u0000000017472,https://www.uniqlo.com/tw/hmall/test/u0000000017472/main/first/561/1.jpg,"NT$1,990","COL01,COL09,COL12,COL69"
"女裝 特級極輕羽絨連帽外套 460915  超值精選 店取(店鋪庫存) S,M,L,XL,XXL,XS OFF,ORANGE,PURPLE,",/tw/zh_TW/product-detail.html?productCode=u0000000017471,https://www.uniqlo.com/tw/hmall/test/u0000000017471/main/first/561/1.jpg,"NT$1,290","COL01,COL24,COL74"
