title,product_link,product_image_url,price,color_codes
"女裝 亞麻混紡開領襯衫(短袖) 464739  限時特優 豐富尺碼 店取(店鋪庫存) S,M,L,XL,XXL,3XL,XS OFF,BLACK,PINK,PINK,BEIGE,OLIVE,ORANGE,BLUE,",/tw/zh_TW/product-detail.html?productCode=u0000000018809,https://www.uniqlo.com/tw/hmall/test/u0000000018809/main/first/561/1.jpg,NT$590,"COL01,COL09,COL10,COL12,COL31,COL56,COL23"
"女裝 亞麻混紡襯衫(七分袖) 464735  超值精選 店取(店鋪庫存) S,M,L,XL,XXL,XS,3XL OFF,BLACK,PURPLE,",/tw/zh_TW/product-detail.html?productCode=u0000000018475,https://www.uniqlo.com/tw/hmall/test/u0000000018475/main/first/561/1.jpg,NT$590,"COL01,COL09,COL71"
"女裝 特級亞麻襯衫(長袖) 464732  超值精選 店取(店鋪庫存) S,M,L,XL GRAY,GREEN,",/tw/zh_TW/product-detail.html?productCode=u0000000020047,https://www.uniqlo.com/tw/hmall/test/u0000000020047/main/first/561/1.jpg,NT$590,"COL07,COL52"
"女裝 附腰帶襯衫式洋裝(長袖) 470883  9月上旬販售 新作商品 店取(店鋪庫存) XS,S,M,L,XL,XXL GRAY,BEIGE,",/tw/zh_TW/product-detail.html?productCode=u0000000020368,https://www.uniqlo.com/tw/hmall/test/u0000000020368/main/first/561/1.jpg,"NT$1,490","COL07,COL31"
"女裝 附腰帶襯衫式洋裝(長袖)(格紋) 471658  9月上旬販售 新作商品 店取(店鋪庫存) XS,S,M,L,XL,XXL BLUE,",/tw/zh_TW/product-detail.html?productCode=u0000000020369,https://www.uniqlo.com/tw/hmall/test/u0000000020369/main/first/561/1.jpg,"NT$1,490",COL65
"女裝 附腰帶襯衫式洋裝(長袖)(格紋) 473346  9月上旬販售 新作商品 店取(店鋪庫存) XS,S,M,L,XL,XXL BROWN,",/tw/zh_TW/product-detail.html?productCode=u0000000020355,https://www.uniqlo.com/tw/hmall/test/u0000000020355/main/first/561/1.jpg,"NT$1,490",COL36
"女裝 柔軟法蘭絨開領襯衫(長袖)(格紋) 469425  新作商品 店取(店鋪庫存) S,M,L,XL BEIGE,BROWN,",/tw/zh_TW/product-detail.html?productCode=u0000000020258,https://www.uniqlo.com/tw/hmall/test/u0000000020258/main/first/561/1.jpg,NT$990,"COL31,COL36"
"女裝 棉質襯衫(長袖) 469421  豐富尺碼 店取(店鋪庫存) XS,S,M,L,XL,XXL,3XL WHITE,PINK,GREEN,LIGHT,",/tw/zh_TW/product-detail.html?productCode=u0000000019935,https://www.uniqlo.com/tw/hmall/test/u0000000019935/main/first/561/1.jpg,NT$790,"COL00,COL10,COL51,COL60"
"女裝 特級亞麻襯衫(長袖) 464732  豐富尺碼 店取(店鋪庫存) S,M,L,XL,XXL,3XL WHITE,PINK,BEIGE,BLUE,",/tw/zh_TW/product-detail.html?productCode=u0000000018476,https://www.uniqlo.com/tw/hmall/test/u0000000018476/main/first/561/1.jpg,"NT$1,290","COL00,COL11,COL31,COL61"
"女裝 柔軟法蘭絨開領襯衫(長袖) 469423  店取(店鋪庫存) S,M,L,XL OFF,PINK,BEIGE,BLUE,",/tw/zh_TW/product-detail.html?productCode=u0000000019939,https://www.uniqlo.com/tw/hmall/test/u0000000019939/main/first/561/1.jpg,NT$990,"COL01,COL11,COL32,COL67"
"女裝 柔軟法蘭絨開領襯衫(長袖)(格紋) 469424  店取(店鋪庫存) S,M,L,XL LIGHT,OLIVE,",/tw/zh_TW/product-detail.html?productCode=u0000000019940,https://www.uniqlo.com/tw/hmall/test/u0000000019940/main/first/561/1.jpg,NT$990,"COL02,COL57"
"女裝 棉質條紋襯衫(長袖) 469422  店取(店鋪庫存) XS,S,M,L,XL,XXL,3XL OFF,BLUE,",/tw/zh_TW/product-detail.html?productCode=u0000000019938,https://www.uniqlo.com/tw/hmall/test/u0000000019938/main/first/561/1.jpg,NT$790,"COL01,COL64"
"女裝 柔軟牛仔襯衫(長袖) 470735  店取(店鋪庫存) S,M,L,XL BLUE,NAVY,",/tw/zh_TW/product-detail.html?productCode=u0000000019932,https://www.uniqlo.com/tw/hmall/test/u0000000019932/main/first/561/1.jpg,NT$990,"COL67,COL69"
"女裝 超柔棉襯衫(長袖) 464804  超值精選 店取(店鋪庫存) S,M PINK,BEIGE,",/tw/zh_TW/product-detail.html?productCode=u0000000019242,https://www.uniqlo.com/tw/hmall/test/u0000000019242/main/first/561/1.jpg,NT$390,"COL11,COL31"
"女裝 亞麻混紡印花開領襯衫(短袖) 467247  超值精選 店取(店鋪庫存) XS,S,M,L,XL,XXL,3XL BLACK,YELLOW,",/tw/zh_TW/product-detail.html?productCode=u0000000018859,https://www.uniqlo.com/tw/hmall/test/u0000000018859/main/first/561/1.jpg,NT$390,COL41
"女裝 亞麻混紡條紋襯衫(七分袖) 464736  超值精選 店取(店鋪庫存) XS,S,M,L,XL,XXL,3XL OFF,LIGHT,LIGHT,",/tw/zh_TW/product-detail.html?productCode=u0000000018474,https://www.uniqlo.com/tw/hmall/test/u0000000018474/main/first/561/1.jpg,NT$590,"COL01,COL50,COL60"
