title,product_link,product_image_url,price,color_codes
"女裝 打褶牛仔寬褲 468849  限時特優 豐富尺碼 修改褲長 店取(店鋪庫存) S,M,L,XL,XXL,3XL,XS NATURAL,BLUE,BLUE,BEIGE,",/tw/zh_TW/product-detail.html?productCode=u0000000018880,https://www.uniqlo.com/tw/hmall/test/u0000000018880/main/first/561/1.jpg,NT$990,"COL30,COL62,COL65,COL31"
"女裝 打褶牛仔寬褲(稍長) 468850  限時特優 網路販售 修改褲長 店取(店鋪庫存) M,XXL,3XL NATURAL,",/tw/zh_TW/product-detail.html?productCode=u0000000018881,https://www.uniqlo.com/tw/hmall/test/u0000000018881/main/first/561/1.jpg,NT$990,COL30
"女裝 美型耐皺紗直筒長褲 470783  超值精選 店取(店鋪庫存) S,M,L,XL BLACK,NATURAL,OLIVE,",/tw/zh_TW/product-detail.html?productCode=u0000000019476,https://www.uniqlo.com/tw/hmall/test/u0000000019476/main/first/561/1.jpg,NT$590,"COL09,COL30,COL56"
"女裝 泡泡紗輕便短褲(格紋) 471689  超值精選 店取(店鋪庫存) S,M,XS,L BLACK,BEIGE,GREEN,BLUE,",/tw/zh_TW/product-detail.html?productCode=u0000000019075,https://www.uniqlo.com/tw/hmall/test/u0000000019075/main/first/561/1.jpg,NT$390,"COL09,COL32,COL52,COL66"
"女裝 輕便抽繩工裝褲 468583  超值精選 店取(店鋪庫存) S,M,L,XL,XXL,3XL BLACK,NATURAL,OLIVE,",/tw/zh_TW/product-detail.html?productCode=u0000000018325,https://www.uniqlo.com/tw/hmall/test/u0000000018325/main/first/561/1.jpg,NT$990,"COL09,COL30,COL57"
"女裝 Miracle Air 打褶長褲 469314  超值精選 修改褲長 店取(店鋪庫存) S,M,XL,L BLACK,OLIVE,NAVY,BEIGE,",/tw/zh_TW/product-detail.html?productCode=u0000000018573,https://www.uniqlo.com/tw/hmall/test/u0000000018573/main/first/561/1.jpg,NT$390,"COL09,COL56,COL69,COL31"
"女裝 AIRism超無痕內褲(高腰) 469681  豐富尺碼 店取(店鋪庫存) 0001214903 XS,S,M,L,XL,XXL,3XL GRAY,BLACK,PINK,BEIGE,BEIGE,BROWN,",/tw/zh_TW/product-detail.html?productCode=u0000000019494,https://www.uniqlo.com/tw/hmall/test/u0000000019494/main/first/561/1.jpg,NT$200,"COL07,COL09,COL11,COL31,COL32,COL35"
"女裝 AIRism超無痕內褲(低腰) 469680  豐富尺碼 店取(店鋪庫存) 0001214903 XS,S,M,L,XL,XXL,3XL GRAY,BLACK,PINK,BEIGE,BEIGE,BROWN,",/tw/zh_TW/product-detail.html?productCode=u0000000019493,https://www.uniqlo.com/tw/hmall/test/u0000000019493/main/first/561/1.jpg,NT$200,"COL07,COL09,COL11,COL31,COL32,COL35"
"女裝 中腰內褲(條紋) 469677  店取(店鋪庫存) 0001214905 S,M,L,XL,XXL,3XL BEIGE,BLUE,",/tw/zh_TW/product-detail.html?productCode=u0000000019683,https://www.uniqlo.com/tw/hmall/test/u0000000019683/main/first/561/1.jpg,NT$200,"COL31,COL61"
"女裝 中腰內褲(花朵) 469676  店取(店鋪庫存) 0001214905 S,M,L,XL,XXL,3XL BLACK,OFF,",/tw/zh_TW/product-detail.html?productCode=u0000000019715,https://www.uniqlo.com/tw/hmall/test/u0000000019715/main/first/561/1.jpg,NT$200,"COL09,COL01"
"女裝 高腰內褲(花朵) 469672  店取(店鋪庫存) 0001214905 S,M,L,XXL,3XL,XL BLUE,GRAY,",/tw/zh_TW/product-detail.html?productCode=u0000000019714,https://www.uniqlo.com/tw/hmall/test/u0000000019714/main/first/561/1.jpg,NT$200,"COL62,COL07"
"女裝 高腰內褲(圓點) 469674  店取(店鋪庫存) 0001214905 S,M,L,XL,XXL,3XL DARK,WINE,",/tw/zh_TW/product-detail.html?productCode=u0000000019712,https://www.uniqlo.com/tw/hmall/test/u0000000019712/main/first/561/1.jpg,NT$200,"COL08,COL18"
"女裝 高腰內褲(碎花) 469673  店取(店鋪庫存) 0001214905 S,M,L,XL,XXL,3XL BLACK,OFF,",/tw/zh_TW/product-detail.html?productCode=u0000000019711,https://www.uniqlo.com/tw/hmall/test/u0000000019711/main/first/561/1.jpg,NT$200,"COL09,COL01"
"女裝 高腰內褲(蕾絲) 469670  豐富尺碼 新作商品 店取(店鋪庫存) 0001214905 S,M,L,XL,XXL,3XL BLACK,LIGHT,WINE,",/tw/zh_TW/product-detail.html?productCode=u0000000019710,https://www.uniqlo.com/tw/hmall/test/u0000000019710/main/first/561/1.jpg,NT$200,"COL09,COL60,COL19"
"女裝 高腰內褲 464343 469671  店取(店鋪庫存) 0001214905 S,M,L,XL,XXL /,/,/,/,",/tw/zh_TW/product-detail.html?productCode=u0000000019713,https://www.uniqlo.com/tw/hmall/test/u0000000019713/main/first/561/1.jpg,NT$200,"COL09,COL35,COL70,COL31"
"女裝 中腰內褲 464351 469675  店取(店鋪庫存) 0001214905 S,M,L,XL,XXL,3XL /,/,/,/,",/tw/zh_TW/product-detail.html?productCode=u0000000019681,https://www.uniqlo.com/tw/hmall/test/u0000000019681/main/first/561/1.jpg,NT$200,"COL09,COL31,COL03,COL35"
"女裝 中腰內褲(蕾絲) 464355 469678  店取(店鋪庫存) 0001214905 S,M,L,XL,XXL,3XL /,/,/,",/tw/zh_TW/product-detail.html?productCode=u0000000019709,https://www.uniqlo.com/tw/hmall/test/u0000000019709/main/first/561/1.jpg,NT$200,"COL09,COL30,COL11"
"女裝 高腰內褲 464342  豐富尺碼 店取(店鋪庫存) 0001214905 S,M,L,3XL BLACK,",/tw/zh_TW/product-detail.html?productCode=u0000000018299,https://www.uniqlo.com/tw/hmall/test/u0000000018299/main/first/561/1.jpg,NT$200,COL09
"女裝 中腰內褲(碎花) 464354  豐富尺碼 店取(店鋪庫存) 0001214905 S,M,L,XL,XXL,3XL NAVY,",/tw/zh_TW/product-detail.html?productCode=u0000000018288,https://www.uniqlo.com/tw/hmall/test/u0000000018288/main/first/561/1.jpg,NT$200,COL69
"女裝 AIRism超無痕內褲(低腰) 464360  豐富尺碼 店取(店鋪庫存) 0001214903 XS,S,M,L,XL,3XL LIGHT,BLACK,BROWN,BEIGE,",/tw/zh_TW/product-detail.html?productCode=u0000000018306,https://www.uniqlo.com/tw/hmall/test/u0000000018306/main/first/561/1.jpg,NT$200,"COL02,COL09,COL35,COL31"
"女裝 AIRism超無痕內褲(高腰) 464361  豐富尺碼 店取(店鋪庫存) 0001214903 XS,S,M,L,XL LIGHT,BLACK,BEIGE,BROWN,",/tw/zh_TW/product-detail.html?productCode=u0000000018083,https://www.uniqlo.com/tw/hmall/test/u0000000018083/main/first/561/1.jpg,NT$200,"COL02,COL09,COL31,COL35"
"女裝 高腰內褲 460122  豐富尺碼 店取(店鋪庫存) 0001214905 S,M,L BLACK,BROWN,",/tw/zh_TW/product-detail.html?productCode=u0000000016975,https://www.uniqlo.com/tw/hmall/test/u0000000016975/main/first/561/1.jpg,NT$200,"COL09,COL35"
"女裝 中腰內褲 460130  豐富尺碼 店取(店鋪庫存) 0001214905 S,M,L,XL BLACK,BEIGE,",/tw/zh_TW/product-detail.html?productCode=u0000000016960,https://www.uniqlo.com/tw/hmall/test/u0000000016960/main/first/561/1.jpg,NT$200,"COL09,COL31"
"女裝 AIRism超無痕內褲(低腰) 460198  豐富尺碼 店取(店鋪庫存) 0001214903 XS,S,M,L,XL,XXL,3XL BLACK,BEIGE,BROWN,",/tw/zh_TW/product-detail.html?productCode=u0000000016983,https://www.uniqlo.com/tw/hmall/test/u0000000016983/main/first/561/1.jpg,NT$200,"COL09,COL31,COL35"
"女裝 AIRism超無痕內褲(高腰) 460199  豐富尺碼 店取(店鋪庫存) 0001214903 XS,S,M,L,XL BLACK,BEIGE,BROWN,",/tw/zh_TW/product-detail.html?productCode=u0000000016959,https://www.uniqlo.com/tw/hmall/test/u0000000016959/main/first/561/1.jpg,NT$200,"COL09,COL31,COL35"
"女裝 休閒寬褲 470923  9月上旬販售 新作商品 店取(店鋪庫存) XS,S,M,L,XL,XXL GRAY,GRAY,BEIGE,",/tw/zh_TW/product-detail.html?productCode=u0000000020379,https://www.uniqlo.com/tw/hmall/test/u0000000020379/main/first/561/1.jpg,"NT$1,490","COL04,COL05,COL31"
"女裝 打褶寬褲 470925  9月上旬販售 新作商品 店取(店鋪庫存) XS,S,M,L,XL,XXL GRAY,BLACK,",/tw/zh_TW/product-detail.html?productCode=u0000000020370,https://www.uniqlo.com/tw/hmall/test/u0000000020370/main/first/561/1.jpg,"NT$1,490","COL05,COL09"
"女裝 毛呢打褶寬褲 473227  9月上旬販售 新作商品 店取(店鋪庫存) 55cm,58cm,61cm,64cm,67cm,70cm,73cm,76cm DARK,",/tw/zh_TW/product-detail.html?productCode=u0000000020387,https://www.uniqlo.com/tw/hmall/test/u0000000020387/main/first/561/1.jpg,"NT$1,490",COL08
"女裝 絨面寬褲 470731  9月上旬販售 新作商品 店取(店鋪庫存) XS,S,M,L,XL,XXL,3XL GRAY,DARK,BEIGE,NAVY,",/tw/zh_TW/product-detail.html?productCode=u0000000020277,https://www.uniqlo.com/tw/hmall/test/u0000000020277/main/first/561/1.jpg,"NT$1,290","COL04,COL08,COL32,COL69"
"女裝 HEATTECH 降落傘褲 470732  9月上旬販售 新作商品 店取(店鋪庫存) XS,S,M,L,XL,XXL,3XL BLACK,NATURAL,BROWN,DARK,",/tw/zh_TW/product-detail.html?productCode=u0000000020280,https://www.uniqlo.com/tw/hmall/test/u0000000020280/main/first/561/1.jpg,"NT$1,490","COL09,COL30,COL35,COL39"
"女裝 HEATTECH 棉質EXTRA WARM極暖內搭褲(10分) 469841  8月下旬販售 新作商品 店取(店鋪庫存) XS,S,M,L,XL,XXL,3XL DARK,BLACK,",/tw/zh_TW/product-detail.html?productCode=u0000000020216,https://www.uniqlo.com/tw/hmall/test/u0000000020216/main/first/561/1.jpg,NT$790,"COL08,COL09"
"女裝 HEATTECH ULTRA WARM超極暖內搭褲(10分) 469844  8月下旬販售 新作商品 店取(店鋪庫存) XS,S,M,L,XL,XXL,3XL GRAY,BLACK,",/tw/zh_TW/product-detail.html?productCode=u0000000020198,https://www.uniqlo.com/tw/hmall/test/u0000000020198/main/first/561/1.jpg,NT$990,"COL03,COL09"
"女裝 HEATTECH 毛絨休閒長褲 470135  8月下旬販售 新作商品 店取(店鋪庫存) S,M,L,XL OFF,GRAY,BLACK,PINK,NAVY,",/tw/zh_TW/product-detail.html?productCode=u0000000020240,https://www.uniqlo.com/tw/hmall/test/u0000000020240/main/first/561/1.jpg,NT$990,"COL01,COL03,COL09,COL12,COL69"
"女裝 特級彈性AIRism短褲 472962  8月下旬販售 新作商品 店取(店鋪庫存) S,M,L,XL BLACK,BROWN,NAVY,",/tw/zh_TW/product-detail.html?productCode=u0000000020160,https://www.uniqlo.com/tw/hmall/test/u0000000020160/main/first/561/1.jpg,NT$790,"COL09,COL36,COL69"
"女裝 法蘭絨長褲 470665  新作商品 店取(店鋪庫存) S,M,L,XL OFF,",/tw/zh_TW/product-detail.html?productCode=u0000000020103,https://www.uniqlo.com/tw/hmall/test/u0000000020103/main/first/561/1.jpg,NT$790,COL01
"女裝 法蘭絨長褲 471550  新作商品 店取(店鋪庫存) S,M,L,XL BEIGE,",/tw/zh_TW/product-detail.html?productCode=u0000000020085,https://www.uniqlo.com/tw/hmall/test/u0000000020085/main/first/561/1.jpg,NT$790,COL32
"女裝 法蘭絨長褲 471552  新作商品 店取(店鋪庫存) S,M,L,XL GRAY,",/tw/zh_TW/product-detail.html?productCode=u0000000020078,https://www.uniqlo.com/tw/hmall/test/u0000000020078/main/first/561/1.jpg,NT$790,COL07
"女裝 法蘭絨長褲 471553  新作商品 店取(店鋪庫存) S,M,L,XL DARK,BLACK,BEIGE,",/tw/zh_TW/product-detail.html?productCode=u0000000020111,https://www.uniqlo.com/tw/hmall/test/u0000000020111/main/first/561/1.jpg,NT$790,"COL08,COL09,COL31"
"女裝 HEATTECH 內搭褲(10分) 472363  新作商品 店取(店鋪庫存) XS,S,M,L,XL,XXL,3XL DARK,BLACK,",/tw/zh_TW/product-detail.html?productCode=u0000000020118,https://www.uniqlo.com/tw/hmall/test/u0000000020118/main/first/561/1.jpg,NT$590,"COL08,COL09"
"女裝 休閒長褲 470134  新作商品 店取(店鋪庫存) XS,S,M,L,XL,XXL,3XL OFF,GRAY,BLACK,DARK,NAVY,",/tw/zh_TW/product-detail.html?productCode=u0000000020029,https://www.uniqlo.com/tw/hmall/test/u0000000020029/main/first/561/1.jpg,NT$790,"COL01,COL03,COL09,COL59,COL69"
"女裝 DRY休閒寬褲 471642  新作商品 店取(店鋪庫存) XS,S,M,L,XL,XXL,3XL BLACK,NATURAL,OLIVE,",/tw/zh_TW/product-detail.html?productCode=u0000000020042,https://www.uniqlo.com/tw/hmall/test/u0000000020042/main/first/561/1.jpg,NT$990,"COL09,COL30,COL57"
"女裝 DRY休閒寬褲(稍長) 472861  網路販售 新作商品 店取(店鋪庫存) S,M,L,XL BLACK,NATURAL,OLIVE,",/tw/zh_TW/product-detail.html?productCode=u0000000020017,https://www.uniqlo.com/tw/hmall/test/u0000000020017/main/first/561/1.jpg,NT$990,"COL09,COL30,COL57"
"女裝 休閒長褲(稍長) 472862  網路販售 新作商品 店取(店鋪庫存) S,M,L,XL,XXL,3XL OFF,GRAY,BLACK,DARK,NAVY,",/tw/zh_TW/product-detail.html?productCode=u0000000020020,https://www.uniqlo.com/tw/hmall/test/u0000000020020/main/first/561/1.jpg,NT$790,"COL01,COL03,COL09,COL59,COL69"
"女裝 直筒牛仔寬褲 468841  超值精選 修改褲長 店取(店鋪庫存) 22inch,23inch,24inch,27inch,28inch WHITE,",/tw/zh_TW/product-detail.html?productCode=u0000000019794,https://www.uniqlo.com/tw/hmall/test/u0000000019794/main/first/561/1.jpg,NT$590,COL00
"女裝 特級彈性緊身褲 464148  超值精選 修改褲長 店取(店鋪庫存) XS,S,M,L,XL GRAY,",/tw/zh_TW/product-detail.html?productCode=u0000000019981,https://www.uniqlo.com/tw/hmall/test/u0000000019981/main/first/561/1.jpg,NT$390,COL05
"女裝 打褶寬褲 464886  超值精選 修改褲長 店取(店鋪庫存) XL,3XL WHITE,",/tw/zh_TW/product-detail.html?productCode=u0000000019792,https://www.uniqlo.com/tw/hmall/test/u0000000019792/main/first/561/1.jpg,NT$590,COL00
"女裝 打褶牛仔褲 471631  修改褲長 店取(店鋪庫存) 21inch,22inch,23inch,24inch,25inch,26inch,27inch,28inch,29inch,30inch,32inch,34inch,36inch BLACK,BEIGE,BROWN,MUSTARD,",/tw/zh_TW/product-detail.html?productCode=u0000000020013,https://www.uniqlo.com/tw/hmall/test/u0000000020013/main/first/561/1.jpg,"NT$1,290","COL09,COL31,COL36,COL49"
"女裝 塑型褲(機能) 469682  再生材質 店取(店鋪庫存) S,M,L,XL BLACK,BEIGE,BROWN,",/tw/zh_TW/product-detail.html?productCode=u0000000019958,https://www.uniqlo.com/tw/hmall/test/u0000000019958/main/first/561/1.jpg,NT$390,"COL09,COL31,COL35"
"女裝 寬版牛仔褲 469819  豐富尺碼 修改褲長 店取(店鋪庫存) XS,S,M,L,XL,XXL,3XL WHITE,BLUE,NAVY,",/tw/zh_TW/product-detail.html?productCode=u0000000019869,https://www.uniqlo.com/tw/hmall/test/u0000000019869/main/first/561/1.jpg,"NT$1,290","COL00,COL67,COL69"
"女裝 可機洗針織羅紋長褲 470173  豐富尺碼 店取(店鋪庫存) XS,S,M,L,XL,XXL,3XL BLACK,NATURAL,KHAKI,DARK,",/tw/zh_TW/product-detail.html?productCode=u0000000019894,https://www.uniqlo.com/tw/hmall/test/u0000000019894/main/first/561/1.jpg,NT$790,"COL09,COL30,COL33,COL58"
"女裝 寬版牛仔褲(稍長) 472487  網路販售 修改褲長 店取(店鋪庫存) S,M,L,XL WHITE,BLUE,NAVY,",/tw/zh_TW/product-detail.html?productCode=u0000000019873,https://www.uniqlo.com/tw/hmall/test/u0000000019873/main/first/561/1.jpg,"NT$1,290","COL00,COL67,COL69"
"女裝 可機洗針織羅紋長褲(稍長) 472601  網路販售 店取(店鋪庫存) S,M,L,XL BLACK,NATURAL,KHAKI,DARK,",/tw/zh_TW/product-detail.html?productCode=u0000000019888,https://www.uniqlo.com/tw/hmall/test/u0000000019888/main/first/561/1.jpg,NT$790,"COL09,COL30,COL33,COL58"
"女裝 打褶寬褲(格紋) 475110  再生材質 修改褲長 店取(店鋪庫存) XS,S,M,L,XL,XXL,3XL DARK,",/tw/zh_TW/product-detail.html?productCode=u0000000019678,https://www.uniqlo.com/tw/hmall/test/u0000000019678/main/first/561/1.jpg,NT$990,COL08
"女裝 打褶寬褲(格紋)(稍長) 475111  網路販售 再生材質 修改褲長 店取(店鋪庫存) S,M,L,XL DARK,",/tw/zh_TW/product-detail.html?productCode=u0000000019679,https://www.uniqlo.com/tw/hmall/test/u0000000019679/main/first/561/1.jpg,NT$990,COL08
"女裝 特級彈性緊身褲 464148 469561  修改褲長 店取(店鋪庫存) XS,S,M,L,XL,XXL,3XL /,/,/,/,",/tw/zh_TW/product-detail.html?productCode=u0000000019694,https://www.uniqlo.com/tw/hmall/test/u0000000019694/main/first/561/1.jpg,NT$790,"COL09,COL01,COL34,COL58"
"女裝 特級彈性牛仔緊身褲 464149 469566  豐富尺碼 修改褲長 店取(店鋪庫存) XS,S,M,L,XL,XXL,3XL /,/,",/tw/zh_TW/product-detail.html?productCode=u0000000019696,https://www.uniqlo.com/tw/hmall/test/u0000000019696/main/first/561/1.jpg,NT$790,"COL68,COL65"
"女裝 打褶寬褲 464886 469854  再生材質 修改褲長 店取(店鋪庫存) XS,S,M,L,XL,XXL,3XL /,/,/,/,/,",/tw/zh_TW/product-detail.html?productCode=u0000000019687,https://www.uniqlo.com/tw/hmall/test/u0000000019687/main/first/561/1.jpg,NT$990,"COL05,COL09,COL30,COL56,COL69"
"女裝 打褶寬褲(稍長) 469855  網路販售 再生材質 修改褲長 店取(店鋪庫存) S,M,L,XL /,/,NATURAL,OLIVE,NAVY,",/tw/zh_TW/product-detail.html?productCode=u0000000019690,https://www.uniqlo.com/tw/hmall/test/u0000000019690/main/first/561/1.jpg,NT$990,"COL05,COL09,COL30,COL56,COL69"
"女裝 柔軟磨毛輕便長褲 470169  豐富尺碼 店取(店鋪庫存) XS,S,M,L,XL,XXL,3XL GRAY,BLACK,NATURAL,DARK,",/tw/zh_TW/product-detail.html?productCode=u0000000019705,https://www.uniqlo.com/tw/hmall/test/u0000000019705/main/first/561/1.jpg,NT$790,"COL07,COL09,COL30,COL38"
"女裝 孕婦包腹特級彈性緊身褲 464152 472123  修改褲長 店取(店鋪庫存) S,M,L,XL,XS /,",/tw/zh_TW/product-detail.html?productCode=u0000000019692,https://www.uniqlo.com/tw/hmall/test/u0000000019692/main/first/561/1.jpg,"NT$1,290",COL09
"女裝 孕婦包腹特級彈性牛仔緊身褲 463062 472124  修改褲長 店取(店鋪庫存) S,M,L,XL,XS 68,",/tw/zh_TW/product-detail.html?productCode=u0000000019693,https://www.uniqlo.com/tw/hmall/test/u0000000019693/main/first/561/1.jpg,"NT$1,290",COL68
"女裝 孕婦包腹SMART九分褲 472125  再生材質 修改褲長 店取(店鋪庫存) S,M,L,XL BLACK,BEIGE,NAVY,",/tw/zh_TW/product-detail.html?productCode=u0000000019697,https://www.uniqlo.com/tw/hmall/test/u0000000019697/main/first/561/1.jpg,"NT$1,290","COL09,COL31,COL69"
"女裝 特級彈性緊身褲(稍長) 464150 472531  修改褲長 店取(店鋪庫存) S,M,L,XL /,/,BROWN,DARK,",/tw/zh_TW/product-detail.html?productCode=u0000000019680,https://www.uniqlo.com/tw/hmall/test/u0000000019680/main/first/561/1.jpg,NT$790,"COL01,COL09,COL34,COL58"
"女裝 特級彈性牛仔緊身褲(稍長) 464151 472532  網路販售 修改褲長 店取(店鋪庫存) S,M,L,XL /,",/tw/zh_TW/product-detail.html?productCode=u0000000019682,https://www.uniqlo.com/tw/hmall/test/u0000000019682/main/first/561/1.jpg,NT$790,COL68
"女裝 SMART 九分褲 464140  超值精選 修改褲長 店取(店鋪庫存) S,XL PINK,",/tw/zh_TW/product-detail.html?productCode=u0000000019901,https://www.uniqlo.com/tw/hmall/test/u0000000019901/main/first/561/1.jpg,NT$590,COL10
"女裝 特級彈性AIRism單車短褲 465790  再生材質 店取(店鋪庫存) S,M,L,XL BLACK,PINK,DARK,DARK,",/tw/zh_TW/product-detail.html?productCode=u0000000019616,https://www.uniqlo.com/tw/hmall/test/u0000000019616/main/first/561/1.jpg,NT$790,"COL09,COL10,COL39,COL58"
"女裝 特級舒適Skinny牛仔褲(稍長) 469818  網路販售 修改褲長 店取(店鋪庫存) 23inch,24inch,25inch,26inch,27inch,28inch,29inch,30inch,32inch BLACK,BLUE,NAVY,",/tw/zh_TW/product-detail.html?productCode=u0000000019607,https://www.uniqlo.com/tw/hmall/test/u0000000019607/main/first/561/1.jpg,"NT$1,290","COL09,COL66,COL69"
"女裝 寬版卡其褲 469828  修改褲長 店取(店鋪庫存) S,M,L,XL BLACK,PINK,BEIGE,OLIVE,",/tw/zh_TW/product-detail.html?productCode=u0000000019606,https://www.uniqlo.com/tw/hmall/test/u0000000019606/main/first/561/1.jpg,"NT$1,290","COL09,COL10,COL32,COL57"
"女裝 SMART 九分褲(彈性)(稍長) 469859  網路販售 修改褲長 店取(店鋪庫存) S,M,L,XL GRAY,BLACK,BEIGE,NAVY,OLIVE,",/tw/zh_TW/product-detail.html?productCode=u0000000019603,https://www.uniqlo.com/tw/hmall/test/u0000000019603/main/first/561/1.jpg,NT$990,"COL05,COL09,COL31,COL69,COL57"
"女裝 SMART 九分褲(彈性)(格紋)(稍長) 471505  網路販售 再生材質 修改褲長 店取(店鋪庫存) S,M,L,XL DARK,BROWN,",/tw/zh_TW/product-detail.html?productCode=u0000000019602,https://www.uniqlo.com/tw/hmall/test/u0000000019602/main/first/561/1.jpg,NT$990,"COL08,COL35"
"女裝 特級舒適Skinny牛仔褲 472489  豐富尺碼 修改褲長 店取(店鋪庫存) 22inch,23inch,24inch,25inch,26inch,27inch,28inch,29inch,30inch,32inch,34inch,36inch BLACK,NAVY,BLUE,",/tw/zh_TW/product-detail.html?productCode=u0000000019615,https://www.uniqlo.com/tw/hmall/test/u0000000019615/main/first/561/1.jpg,"NT$1,290","COL09,COL69,COL66"
"女裝 寬版卡其褲(稍長) 472523  網路販售 修改褲長 店取(店鋪庫存) S,M,L,XL BLACK,PINK,BEIGE,OLIVE,",/tw/zh_TW/product-detail.html?productCode=u0000000019610,https://www.uniqlo.com/tw/hmall/test/u0000000019610/main/first/561/1.jpg,"NT$1,290","COL09,COL10,COL32,COL57"
"女裝 特級彈性AIRism防曬抗UV喇叭緊身褲 475758  再生材質 店取(店鋪庫存) S,M,L,XL BLACK,PINK,DARK,DARK,",/tw/zh_TW/product-detail.html?productCode=u0000000019725,https://www.uniqlo.com/tw/hmall/test/u0000000019725/main/first/561/1.jpg,NT$790,"COL09,COL10,COL39,COL58"
"女裝 特級彈性AIRism防曬抗UV緊身褲 470136  再生材質 店取(店鋪庫存) S,M,L,XL BLACK,PINK,DARK,DARK,",/tw/zh_TW/product-detail.html?productCode=u0000000019825,https://www.uniqlo.com/tw/hmall/test/u0000000019825/main/first/561/1.jpg,NT$790,"COL09,COL10,COL39,COL58"
"女裝 棉質舒適九分褲 470168  豐富尺碼 店取(店鋪庫存) XS,S,M,L,XL,XXL,3XL BLACK,NATURAL,PINK,BEIGE,OLIVE,",/tw/zh_TW/product-detail.html?productCode=u0000000019501,https://www.uniqlo.com/tw/hmall/test/u0000000019501/main/first/561/1.jpg,NT$790,"COL09,COL30,COL11,COL31,COL56"
"女裝 棉質舒適九分褲(牛仔) 471401  豐富尺碼 店取(店鋪庫存) XS,S,M,L,XL,XXL,3XL BLUE,BLUE,",/tw/zh_TW/product-detail.html?productCode=u0000000019720,https://www.uniqlo.com/tw/hmall/test/u0000000019720/main/first/561/1.jpg,NT$790,"COL65,COL67"
"女裝 美型耐皺紗直筒褲(稍長) 472859  網路販售 超值精選 店取(店鋪庫存) S,M,L,XL BLACK,NATURAL,OLIVE,",/tw/zh_TW/product-detail.html?productCode=u0000000019574,https://www.uniqlo.com/tw/hmall/test/u0000000019574/main/first/561/1.jpg,NT$590,"COL09,COL30,COL56"
"女裝 直筒牛仔寬褲(稍長) 469816  網路販售 修改褲長 店取(店鋪庫存) 22inch,23inch,24inch,25inch,26inch,27inch,28inch BLUE,BLUE,BEIGE,GRAY,",/tw/zh_TW/product-detail.html?productCode=u0000000019572,https://www.uniqlo.com/tw/hmall/test/u0000000019572/main/first/561/1.jpg,"NT$1,290","COL62,COL64,COL31,COL05"
"女裝 SMART 九分褲(彈性)(格紋) 471504  豐富尺碼 再生材質 修改褲長 店取(店鋪庫存) XS,S,M,L,XL,XXL,3XL DARK,BROWN,",/tw/zh_TW/product-detail.html?productCode=u0000000019531,https://www.uniqlo.com/tw/hmall/test/u0000000019531/main/first/561/1.jpg,NT$990,"COL08,COL35"
"女裝 直筒牛仔寬褲 472491  豐富尺碼 修改褲長 店取(店鋪庫存) 21inch,22inch,23inch,24inch,25inch,26inch,27inch,28inch,29inch,30inch,32inch,34inch,36inch BLUE,BLUE,BEIGE,GRAY,",/tw/zh_TW/product-detail.html?productCode=u0000000019573,https://www.uniqlo.com/tw/hmall/test/u0000000019573/main/first/561/1.jpg,"NT$1,290","COL62,COL64,COL31,COL05"
"女裝 SMART 九分褲(彈性) 469858  豐富尺碼 修改褲長 店取(店鋪庫存) XS,S,M,L,XL,XXL,3XL GRAY,BLACK,BEIGE,NAVY,OLIVE,",/tw/zh_TW/product-detail.html?productCode=u0000000019524,https://www.uniqlo.com/tw/hmall/test/u0000000019524/main/first/561/1.jpg,NT$990,"COL05,COL09,COL31,COL69,COL57"
"女裝 特級彈性DRY褲裙 471901  再生材質 店取(店鋪庫存) S BLACK,BLUE,",/tw/zh_TW/product-detail.html?productCode=u0000000019583,https://www.uniqlo.com/tw/hmall/test/u0000000019583/main/first/561/1.jpg,"NT$1,290","COL09,COL67"
"女裝 特級彈性緊身褲(稍長) 464150  超值精選 修改褲長 店取(店鋪庫存) S OLIVE,",/tw/zh_TW/product-detail.html?productCode=u0000000019409,https://www.uniqlo.com/tw/hmall/test/u0000000019409/main/first/561/1.jpg,NT$190,COL56
"女裝 特級彈性緊身褲 464148  超值精選 修改褲長 店取(店鋪庫存) XS,S OLIVE,",/tw/zh_TW/product-detail.html?productCode=u0000000019406,https://www.uniqlo.com/tw/hmall/test/u0000000019406/main/first/561/1.jpg,NT$190,COL56
"女裝 附腰帶九分寬褲 465963  超值精選 修改褲長 店取(店鋪庫存) 61cm,58cm NATURAL,GREEN,",/tw/zh_TW/product-detail.html?productCode=u0000000018979,https://www.uniqlo.com/tw/hmall/test/u0000000018979/main/first/561/1.jpg,NT$390,"COL30,COL55"
"女裝 亞麻混紡打褶長褲 470937  超值精選 修改褲長 店取(店鋪庫存) S,L,M BEIGE,GREEN,",/tw/zh_TW/product-detail.html?productCode=u0000000019174,https://www.uniqlo.com/tw/hmall/test/u0000000019174/main/first/561/1.jpg,NT$590,"COL31,COL51"
"女裝 棉麻短褲 464837  豐富尺碼 超值精選 店取(店鋪庫存) S,XL,3XL,M,L,XS,XXL OFF,BLACK,PINK,BEIGE,YELLOW,OLIVE,NAVY,",/tw/zh_TW/product-detail.html?productCode=u0000000018797,https://www.uniqlo.com/tw/hmall/test/u0000000018797/main/first/561/1.jpg,NT$590,"COL01,COL09,COL10,COL32,COL44,COL56,COL69"
"女裝 亞麻混紡連身褲 464773  超值精選 修改褲長 店取(店鋪庫存) XL BEIGE,",/tw/zh_TW/product-detail.html?productCode=u0000000018944,https://www.uniqlo.com/tw/hmall/test/u0000000018944/main/first/561/1.jpg,NT$990,COL31
"女裝 孕婦高腰包腹內褲 464370  豐富尺碼 店取(店鋪庫存) S,M,L,XL GRAY,BLACK,",/tw/zh_TW/product-detail.html?productCode=u0000000019080,https://www.uniqlo.com/tw/hmall/test/u0000000019080/main/first/561/1.jpg,NT$290,"COL03,COL09"
"女裝 棉質輕便短褲 464970  豐富尺碼 店取(店鋪庫存) XS,S,M,L,XL,XXL,3XL BLACK,NATURAL,KHAKI,BROWN,OLIVE,",/tw/zh_TW/product-detail.html?productCode=u0000000018547,https://www.uniqlo.com/tw/hmall/test/u0000000018547/main/first/561/1.jpg,NT$590,"COL09,COL30,COL33,COL34,COL57"
"女裝 特級彈性AIRism束口褲 465784  豐富尺碼 店取(店鋪庫存) XS,S,M,L,XL,XXL,3XL GRAY,BLACK,NATURAL,NAVY,PURPLE,OLIVE,",/tw/zh_TW/product-detail.html?productCode=u0000000018554,https://www.uniqlo.com/tw/hmall/test/u0000000018554/main/first/561/1.jpg,NT$790,"COL07,COL09,COL30,COL69,COL72,COL56"
"女裝 特級彈性AIRism防曬抗UV緊身褲 465787  再生材質 店取(店鋪庫存) XS BLACK,",/tw/zh_TW/product-detail.html?productCode=u0000000018519,https://www.uniqlo.com/tw/hmall/test/u0000000018519/main/first/561/1.jpg,NT$790,COL09
"女裝 特級彈性AIRism涼感美型直筒褲 465789  豐富尺碼 店取(店鋪庫存) S,M,L,XL GRAY,BLACK,BEIGE,",/tw/zh_TW/product-detail.html?productCode=u0000000018518,https://www.uniqlo.com/tw/hmall/test/u0000000018518/main/first/561/1.jpg,NT$790,"COL07,COL09,COL31"
"女裝 亞麻混紡輕便長褲(條紋) 466024  超值精選 修改褲長 店取(店鋪庫存) XS,S,XL,XXL,M BEIGE,BLUE,",/tw/zh_TW/product-detail.html?productCode=u0000000018545,https://www.uniqlo.com/tw/hmall/test/u0000000018545/main/first/561/1.jpg,NT$590,"COL32,COL67"
"女裝 棉質輕便短褲 466040  豐富尺碼 店取(店鋪庫存) XS,S,M,L,XL,XXL,3XL OFF,GRAY,",/tw/zh_TW/product-detail.html?productCode=u0000000018546,https://www.uniqlo.com/tw/hmall/test/u0000000018546/main/first/561/1.jpg,NT$590,"COL01,COL07"
"女裝 亞麻混紡輕便長褲 466323  超值精選 修改褲長 店取(店鋪庫存) S,M,L,XL BEIGE,GREEN,NAVY,PURPLE,",/tw/zh_TW/product-detail.html?productCode=u0000000018529,https://www.uniqlo.com/tw/hmall/test/u0000000018529/main/first/561/1.jpg,NT$590,"COL31,COL51,COL69,COL72"
"女裝 特級彈性AIRism涼感美型直筒褲(稍長) 468830  網路販售 店取(店鋪庫存) M,S BLACK,BEIGE,",/tw/zh_TW/product-detail.html?productCode=u0000000018521,https://www.uniqlo.com/tw/hmall/test/u0000000018521/main/first/561/1.jpg,NT$790,"COL09,COL31"
"女裝 彈性合身九分牛仔褲(稍長) 468845  超值精選 修改褲長 店取(店鋪庫存) 22inch BLUE,",/tw/zh_TW/product-detail.html?productCode=u0000000018888,https://www.uniqlo.com/tw/hmall/test/u0000000018888/main/first/561/1.jpg,NT$590,COL63
"女裝 特級彈性緊身褲(稍長) 464150  超值精選 修改褲長 店取(店鋪庫存) S GRAY,",/tw/zh_TW/product-detail.html?productCode=u0000000019990,https://www.uniqlo.com/tw/hmall/test/u0000000019990/main/first/561/1.jpg,NT$390,COL05
"女裝 孕婦包腹SMART九分褲 464154  豐富尺碼 再生材質 修改褲長 店取(店鋪庫存) M,L,XS,S,XL BLACK,BEIGE,NAVY,",/tw/zh_TW/product-detail.html?productCode=u0000000018369,https://www.uniqlo.com/tw/hmall/test/u0000000018369/main/first/561/1.jpg,"NT$1,290","COL09,COL31,COL69"
"女裝 孕婦低腰內褲 464369  豐富尺碼 店取(店鋪庫存) S,M BLACK,",/tw/zh_TW/product-detail.html?productCode=u0000000018377,https://www.uniqlo.com/tw/hmall/test/u0000000018377/main/first/561/1.jpg,NT$290,COL09
"女裝 降落傘褲 464888  豐富尺碼 店取(店鋪庫存) XS,S,M,L,XL,XXL,3XL GRAY,BLACK,PINK,NATURAL,OLIVE,",/tw/zh_TW/product-detail.html?productCode=u0000000018366,https://www.uniqlo.com/tw/hmall/test/u0000000018366/main/first/561/1.jpg,"NT$1,290","COL07,COL09,COL10,COL30,COL56"
"女裝 孕婦包腹內搭褲(10分) 467242  豐富尺碼 店取(店鋪庫存) M,L,XL DARK,BLACK,",/tw/zh_TW/product-detail.html?productCode=u0000000018385,https://www.uniqlo.com/tw/hmall/test/u0000000018385/main/first/561/1.jpg,NT$590,"COL08,COL09"
"女裝 降落傘褲(稍長) 468621  網路販售 超值精選 店取(店鋪庫存) S BLACK,NATURAL,OLIVE,",/tw/zh_TW/product-detail.html?productCode=u0000000018321,https://www.uniqlo.com/tw/hmall/test/u0000000018321/main/first/561/1.jpg,NT$790,"COL09,COL30,COL56"
"女裝 輕便抽繩工裝褲(稍長) 468643  網路販售 超值精選 店取(店鋪庫存) S,XL,M BLACK,NATURAL,OLIVE,",/tw/zh_TW/product-detail.html?productCode=u0000000018338,https://www.uniqlo.com/tw/hmall/test/u0000000018338/main/first/561/1.jpg,NT$990,"COL09,COL30,COL57"
"女裝 彈性合身九分牛仔褲 468844  超值精選 修改褲長 店取(店鋪庫存) 22inch,23inch,24inch,25inch,26inch,27inch,28inch BLACK,BLUE,NAVY,GRAY,",/tw/zh_TW/product-detail.html?productCode=u0000000018326,https://www.uniqlo.com/tw/hmall/test/u0000000018326/main/first/561/1.jpg,NT$590,"COL09,COL63,COL69,COL03"
"女裝 棉質舒適九分褲 466026  豐富尺碼 店取(店鋪庫存) XS,S,M,L,XL,XXL,3XL BLACK,NATURAL,",/tw/zh_TW/product-detail.html?productCode=u0000000018291,https://www.uniqlo.com/tw/hmall/test/u0000000018291/main/first/561/1.jpg,NT$790,"COL09,COL30"
"女裝 打褶寬褲 464886  超值精選 修改褲長 店取(店鋪庫存) S,M,L,XL BEIGE,",/tw/zh_TW/product-detail.html?productCode=u0000000020188,https://www.uniqlo.com/tw/hmall/test/u0000000020188/main/first/561/1.jpg,NT$590,COL31
"女裝 休閒長褲 465782  豐富尺碼 店取(店鋪庫存) XS,S,M,L,XL,XXL,3XL GRAY,BLACK,NATURAL,",/tw/zh_TW/product-detail.html?productCode=u0000000018179,https://www.uniqlo.com/tw/hmall/test/u0000000018179/main/first/561/1.jpg,NT$790,"COL03,COL09,COL30"
"女裝 打褶寬褲(條紋) 467851  超值精選 修改褲長 店取(店鋪庫存) S,M,L,XL NAVY,",/tw/zh_TW/product-detail.html?productCode=u0000000018199,https://www.uniqlo.com/tw/hmall/test/u0000000018199/main/first/561/1.jpg,NT$590,COL69
"女裝 直筒牛仔寬褲 468841  豐富尺碼 修改褲長 店取(店鋪庫存) 22inch,23inch,24inch,25inch,26inch,27inch,28inch,32inch GRAY,BLUE,BLUE,NAVY,",/tw/zh_TW/product-detail.html?productCode=u0000000018444,https://www.uniqlo.com/tw/hmall/test/u0000000018444/main/first/561/1.jpg,"NT$1,290","COL05,COL62,COL64,COL69"
"女裝 特級彈性牛仔褲 464253  超值精選 修改褲長 店取(店鋪庫存) 22inch,23inch,24inch,25inch,26inch,27inch,28inch,29inch BLACK,BLUE,NAVY,",/tw/zh_TW/product-detail.html?productCode=u0000000018400,https://www.uniqlo.com/tw/hmall/test/u0000000018400/main/first/561/1.jpg,NT$590,"COL09,COL67,COL69"
"女裝 SMART 九分褲 464140  豐富尺碼 再生材質 修改褲長 店取(店鋪庫存) XS,S,M,L,XL,XXL,3XL BLACK,BEIGE,NAVY,GRAY,",/tw/zh_TW/product-detail.html?productCode=u0000000018282,https://www.uniqlo.com/tw/hmall/test/u0000000018282/main/first/561/1.jpg,NT$990,"COL09,COL31,COL69,COL05"
"女裝 SMART 九分褲(稍長) 457237 464142  超值精選 修改褲長 店取(店鋪庫存) S /,/,",/tw/zh_TW/product-detail.html?productCode=u0000000018280,https://www.uniqlo.com/tw/hmall/test/u0000000018280/main/first/561/1.jpg,NT$590,"COL31,COL09"
"女裝 特級彈性牛仔褲(刷破) 464250  超值精選 修改褲長 店取(店鋪庫存) 22inch,23inch,24inch,25inch,26inch,27inch,28inch,29inch BLUE,",/tw/zh_TW/product-detail.html?productCode=u0000000018170,https://www.uniqlo.com/tw/hmall/test/u0000000018170/main/first/561/1.jpg,NT$590,COL63
"女裝 特級彈性牛仔褲(稍長) 464249  超值精選 修改褲長 店取(店鋪庫存) 23inch,22inch BLACK,BLUE,",/tw/zh_TW/product-detail.html?productCode=u0000000018169,https://www.uniqlo.com/tw/hmall/test/u0000000018169/main/first/561/1.jpg,NT$590,"COL09,COL67"
"女裝 孕婦包腹SMART九分褲 456729 461136  超值精選 修改褲長 店取(店鋪庫存) XS,S /,/,/,",/tw/zh_TW/product-detail.html?productCode=u0000000017482,https://www.uniqlo.com/tw/hmall/test/u0000000017482/main/first/561/1.jpg,NT$590,"COL09,COL31,COL69"
"女裝 特級彈性牛仔褲(稍長) 460700  超值精選 修改褲長 店取(店鋪庫存) 23inch BLACK,NAVY,",/tw/zh_TW/product-detail.html?productCode=u0000000016981,https://www.uniqlo.com/tw/hmall/test/u0000000016981/main/first/561/1.jpg,NT$590,"COL09,COL69"
"女裝 特級彈性牛仔褲(刷破) 462687  超值精選 修改褲長 店取(店鋪庫存) 22inch,23inch,24inch BLUE,",/tw/zh_TW/product-detail.html?productCode=u0000000016941,https://www.uniqlo.com/tw/hmall/test/u0000000016941/main/first/561/1.jpg,NT$590,COL63
"女裝 特級彈性牛仔褲 463387  超值精選 修改褲長 店取(店鋪庫存) 22inch,23inch,25inch,26inch,27inch,28inch,29inch,24inch BLACK,BLUE,NAVY,",/tw/zh_TW/product-detail.html?productCode=u0000000016978,https://www.uniqlo.com/tw/hmall/test/u0000000016978/main/first/561/1.jpg,NT$590,"COL09,COL67,COL69"
"女裝 孕婦低腰內褲 460209  豐富尺碼 店取(店鋪庫存) S,M BLACK,",/tw/zh_TW/product-detail.html?productCode=u0000000016913,https://www.uniqlo.com/tw/hmall/test/u0000000016913/main/first/561/1.jpg,NT$290,COL09
"女裝 孕婦高腰包腹內褲 460210  豐富尺碼 店取(店鋪庫存) S,M GRAY,BLACK,",/tw/zh_TW/product-detail.html?productCode=u0000000016905,https://www.uniqlo.com/tw/hmall/test/u0000000016905/main/first/561/1.jpg,NT$290,"COL03,COL09"
"女裝 SMART 九分褲(彈性) 460310  豐富尺碼 店取(店鋪庫存) M,S BLACK,BEIGE,NAVY,",/tw/zh_TW/product-detail.html?productCode=u0000000019909,https://www.uniqlo.com/tw/hmall/test/u0000000019909/main/first/561/1.jpg,NT$990,"COL09,COL31,COL69"
"女裝 特級彈性緊身褲(標準,68-70cm) 460309  超值精選 修改褲長 店取(店鋪庫存) XS BEIGE,",/tw/zh_TW/product-detail.html?productCode=u0000000016821,https://www.uniqlo.com/tw/hmall/test/u0000000016821/main/first/561/1.jpg,NT$190,COL32
"女裝 特級彈性緊身褲 456191  超值精選 修改褲長 店取(店鋪庫存) XS GREEN,",/tw/zh_TW/product-detail.html?productCode=u0000000017005,https://www.uniqlo.com/tw/hmall/test/u0000000017005/main/first/561/1.jpg,NT$190,COL54
"女裝 打褶寬褲 460311  豐富尺碼 再生材質 修改褲長 店取(店鋪庫存) S,M,L,XL BLACK,",/tw/zh_TW/product-detail.html?productCode=u0000000016831,https://www.uniqlo.com/tw/hmall/test/u0000000016831/main/first/561/1.jpg,NT$990,COL09
"女裝 特級彈性AIRism束口褲 455942  豐富尺碼 店取(店鋪庫存) L,XL,S BLACK,NATURAL,",/tw/zh_TW/product-detail.html?productCode=u0000000015423,https://www.uniqlo.com/tw/hmall/test/u0000000015423/main/first/561/1.jpg,NT$790,"COL09,COL30"
"女裝 孕婦包腹特級彈性牛仔緊身褲 456728  超值精選 修改褲長 店取(店鋪庫存) XS,S BLUE,",/tw/zh_TW/product-detail.html?productCode=u0000000020045,https://www.uniqlo.com/tw/hmall/test/u0000000020045/main/first/561/1.jpg,NT$590,COL68
"女裝 孕婦低腰內褲 455349  豐富尺碼 店取(店鋪庫存) S BLACK,",/tw/zh_TW/product-detail.html?productCode=u0000000014986,https://www.uniqlo.com/tw/hmall/test/u0000000014986/main/first/561/1.jpg,NT$290,COL09
"女裝 孕婦高腰包腹內褲 457465  豐富尺碼 店取(店鋪庫存) S,M GRAY,BLACK,",/tw/zh_TW/product-detail.html?productCode=u0000000014979,https://www.uniqlo.com/tw/hmall/test/u0000000014979/main/first/561/1.jpg,NT$290,"COL03,COL09"
"女裝 毛呢褲裙 471421  店取(店鋪庫存) S,M,L,XL DARK,BLACK,",/tw/zh_TW/product-detail.html?productCode=u0000000019934,https://www.uniqlo.com/tw/hmall/test/u0000000019934/main/first/561/1.jpg,NT$990,"COL08,COL09"
"女裝 燈芯絨褲裙 471423  店取(店鋪庫存) S,M,L,XL BLACK,BROWN,BLUE,",/tw/zh_TW/product-detail.html?productCode=u0000000019933,https://www.uniqlo.com/tw/hmall/test/u0000000019933/main/first/561/1.jpg,NT$990,"COL09,COL35,COL68"
"女裝 AIRism生理褲(可吸收防漏)(高腰) 469688  店取(店鋪庫存) S,M,L,XL BLACK,BEIGE,BROWN,",/tw/zh_TW/product-detail.html?productCode=u0000000019959,https://www.uniqlo.com/tw/hmall/test/u0000000019959/main/first/561/1.jpg,NT$590,"COL09,COL31,COL35"
"女裝 棉質輕便短褲 473498  店取(店鋪庫存) XS,S,M,L,XL,XXL,3XL BLUE,BLUE,",/tw/zh_TW/product-detail.html?productCode=u0000000020136,https://www.uniqlo.com/tw/hmall/test/u0000000020136/main/first/561/1.jpg,NT$590,"COL65,COL67"
"女裝 貓福珊迪 嫘縈輕便短褲 474185  店取(店鋪庫存) S,M,L,XL NATURAL,",/tw/zh_TW/product-detail.html?productCode=u0000000019805,https://www.uniqlo.com/tw/hmall/test/u0000000019805/main/first/561/1.jpg,NT$590,COL30
"女裝 貓福珊迪 嫘縈輕便短褲 474186  店取(店鋪庫存) S,M,L,XL LIGHT,",/tw/zh_TW/product-detail.html?productCode=u0000000019806,https://www.uniqlo.com/tw/hmall/test/u0000000019806/main/first/561/1.jpg,NT$590,COL60
"女裝 貓福珊迪 嫘縈輕便短褲 474187  店取(店鋪庫存) S,M,L,XL NAVY,",/tw/zh_TW/product-detail.html?productCode=u0000000019808,https://www.uniqlo.com/tw/hmall/test/u0000000019808/main/first/561/1.jpg,NT$590,COL69
"女裝 孕婦低腰內褲 469693  店取(店鋪庫存) M,L,XL BLACK,GRAY,",/tw/zh_TW/product-detail.html?productCode=u0000000019500,https://www.uniqlo.com/tw/hmall/test/u0000000019500/main/first/561/1.jpg,NT$290,"COL09,COL03"
"女裝 孕婦高腰包腹內褲 469694  店取(店鋪庫存) M,L,XL BLACK,GRAY,",/tw/zh_TW/product-detail.html?productCode=u0000000019499,https://www.uniqlo.com/tw/hmall/test/u0000000019499/main/first/561/1.jpg,NT$290,"COL09,COL03"
"女裝 孕婦包腹內搭褲(10分) 472277  店取(店鋪庫存) M,L,XL BLACK,DARK,",/tw/zh_TW/product-detail.html?productCode=u0000000019498,https://www.uniqlo.com/tw/hmall/test/u0000000019498/main/first/561/1.jpg,NT$590,"COL09,COL08"
"女裝 棉質輕便短褲 459523  店取(店鋪庫存) S,M,L,XS NATURAL,OLIVE,NAVY,",/tw/zh_TW/product-detail.html?productCode=u0000000015857,https://www.uniqlo.com/tw/hmall/test/u0000000015857/main/first/561/1.jpg,NT$590,"COL30,COL57,COL69"
"女裝 特級彈性AIRism防曬抗UV緊身褲 465787  超值精選 店取(店鋪庫存) XXL,S NATURAL,BROWN,NAVY,",/tw/zh_TW/product-detail.html?productCode=u0000000020046,https://www.uniqlo.com/tw/hmall/test/u0000000020046/main/first/561/1.jpg,NT$390,"COL30,COL36,COL69"
"女裝 中腰內褲(碎花) 464354  超值精選 店取(店鋪庫存) M GREEN,",/tw/zh_TW/product-detail.html?productCode=u0000000019984,https://www.uniqlo.com/tw/hmall/test/u0000000019984/main/first/561/1.jpg,NT$99,COL51
"女裝 高腰內褲 464342  超值精選 店取(店鋪庫存) M PINK,",/tw/zh_TW/product-detail.html?productCode=u0000000020288,https://www.uniqlo.com/tw/hmall/test/u0000000020288/main/first/561/1.jpg,NT$99,COL10
"女裝 AIRism超無痕內褲(高腰) 464361  超值精選 店取(店鋪庫存) XS PINK,NATURAL,",/tw/zh_TW/product-detail.html?productCode=u0000000019972,https://www.uniqlo.com/tw/hmall/test/u0000000019972/main/first/561/1.jpg,NT$99,"COL10,COL30"
"女裝 棉質舒適九分褲 466026  超值精選 店取(店鋪庫存) S,XL,XS,M,L,XXL,3XL PINK,KHAKI,OLIVE,NAVY,",/tw/zh_TW/product-detail.html?productCode=u0000000019858,https://www.uniqlo.com/tw/hmall/test/u0000000019858/main/first/561/1.jpg,NT$590,"COL10,COL33,COL56,COL69"
"女裝 棉麻窄管長褲 464905  超值精選 店取(店鋪庫存) S,M,L,XL PINK,",/tw/zh_TW/product-detail.html?productCode=u0000000019629,https://www.uniqlo.com/tw/hmall/test/u0000000019629/main/first/561/1.jpg,NT$390,COL10
"女裝 棉麻窄管長褲(稍長) 468644  超值精選 店取(店鋪庫存) S PINK,",/tw/zh_TW/product-detail.html?productCode=u0000000019627,https://www.uniqlo.com/tw/hmall/test/u0000000019627/main/first/561/1.jpg,NT$390,COL10
"女裝 防曬抗UV AIRism緊身褲 466588  超值精選 店取(店鋪庫存) M BROWN,",/tw/zh_TW/product-detail.html?productCode=u0000000019104,https://www.uniqlo.com/tw/hmall/test/u0000000019104/main/first/561/1.jpg,NT$290,COL36
"女裝 降落傘九分褲 467043  超值精選 店取(店鋪庫存) M,L,XL NATURAL,BLUE,",/tw/zh_TW/product-detail.html?productCode=u0000000019060,https://www.uniqlo.com/tw/hmall/test/u0000000019060/main/first/561/1.jpg,NT$590,"COL30,COL67"
"女裝 家居短褲 470320  超值精選 店取(店鋪庫存) S BROWN,OLIVE,",/tw/zh_TW/product-detail.html?productCode=u0000000019144,https://www.uniqlo.com/tw/hmall/test/u0000000019144/main/first/561/1.jpg,NT$290,"COL34,COL56"
"女裝 降落傘九分褲(稍長) 470890  超值精選 店取(店鋪庫存) S,M,L,XL BLACK,NATURAL,YELLOW,BLUE,",/tw/zh_TW/product-detail.html?productCode=u0000000019097,https://www.uniqlo.com/tw/hmall/test/u0000000019097/main/first/561/1.jpg,NT$590,"COL09,COL30,COL45,COL67"
"女裝 休閒長褲 465782  超值精選 店取(店鋪庫存) S,L,XXL,3XL WHITE,",/tw/zh_TW/product-detail.html?productCode=u0000000019165,https://www.uniqlo.com/tw/hmall/test/u0000000019165/main/first/561/1.jpg,NT$290,COL00
"女裝 棉質寬褲 465959  超值精選 店取(店鋪庫存) 61cm,64cm,67cm OLIVE,",/tw/zh_TW/product-detail.html?productCode=u0000000018959,https://www.uniqlo.com/tw/hmall/test/u0000000018959/main/first/561/1.jpg,NT$390,COL56
"女裝 棉麻窄管長褲 464905  超值精選 店取(店鋪庫存) S,L,XL,M OFF,BLACK,OLIVE,",/tw/zh_TW/product-detail.html?productCode=u0000000018835,https://www.uniqlo.com/tw/hmall/test/u0000000018835/main/first/561/1.jpg,NT$590,"COL01,COL09,COL56"
"女裝 高腰寬版牛仔短褲 464945  超值精選 店取(店鋪庫存) 22inch,23inch,28inch,24inch,25inch,27inch NATURAL,BLUE,BLUE,",/tw/zh_TW/product-detail.html?productCode=u0000000018933,https://www.uniqlo.com/tw/hmall/test/u0000000018933/main/first/561/1.jpg,NT$590,"COL30,COL63,COL65"
"女裝 棉麻窄管長褲(稍長) 468644  超值精選 店取(店鋪庫存) S,M,XL,XS OFF,BLACK,BEIGE,OLIVE,",/tw/zh_TW/product-detail.html?productCode=u0000000018937,https://www.uniqlo.com/tw/hmall/test/u0000000018937/main/first/561/1.jpg,NT$590,"COL01,COL09,COL32,COL56"
"女裝 輕便工裝短褲(多口袋) 470823  超值精選 店取(店鋪庫存) S,M,L,XL,XS BLACK,BEIGE,OLIVE,",/tw/zh_TW/product-detail.html?productCode=u0000000018940,https://www.uniqlo.com/tw/hmall/test/u0000000018940/main/first/561/1.jpg,NT$590,"COL09,COL31,COL57"
"女裝 可機洗針織羅紋長褲 461317 464967  超值精選 店取(店鋪庫存) S,M,XL /,/,GREEN,BEIGE,",/tw/zh_TW/product-detail.html?productCode=u0000000018651,https://www.uniqlo.com/tw/hmall/test/u0000000018651/main/first/561/1.jpg,NT$290,"COL03,COL30,COL51,COL31"
"女裝 細褶直筒褲 465786  超值精選 店取(店鋪庫存) S,M,L,XL,XXL BLACK,BEIGE,BLUE,",/tw/zh_TW/product-detail.html?productCode=u0000000018553,https://www.uniqlo.com/tw/hmall/test/u0000000018553/main/first/561/1.jpg,NT$390,"COL09,COL31,COL68"
"女裝 AIRism輕便短褲 466041  超值精選 店取(店鋪庫存) XS,S,L,XL BLACK,LIGHT,",/tw/zh_TW/product-detail.html?productCode=u0000000018540,https://www.uniqlo.com/tw/hmall/test/u0000000018540/main/first/561/1.jpg,NT$390,"COL09,COL70"
"女裝 AIRism輕便短褲 466187  超值精選 店取(店鋪庫存) XS,M,XL LIGHT,NAVY,",/tw/zh_TW/product-detail.html?productCode=u0000000018541,https://www.uniqlo.com/tw/hmall/test/u0000000018541/main/first/561/1.jpg,NT$390,"COL21,COL69"
"女裝 特級彈性柔軟長褲(圓點) 466186  超值精選 店取(店鋪庫存) S BLACK,",/tw/zh_TW/product-detail.html?productCode=u0000000018386,https://www.uniqlo.com/tw/hmall/test/u0000000018386/main/first/561/1.jpg,NT$390,COL09
"女裝 特級彈性柔軟長褲 466327  超值精選 店取(店鋪庫存) M,S,L,XL GRAY,BLACK,BEIGE,",/tw/zh_TW/product-detail.html?productCode=u0000000018388,https://www.uniqlo.com/tw/hmall/test/u0000000018388/main/first/561/1.jpg,NT$390,"COL06,COL09,COL31"
"女裝  AIRism塑型褲(4分)(機能) 464363  超值精選 店取(店鋪庫存) S,M,L,XL,XS BLACK,BEIGE,BROWN,",/tw/zh_TW/product-detail.html?productCode=u0000000018191,https://www.uniqlo.com/tw/hmall/test/u0000000018191/main/first/561/1.jpg,NT$290,"COL09,COL32,COL35"
"女裝  AIRism塑型褲(4分)(滑面) 464364  超值精選 店取(店鋪庫存) XS,S,M,L,XL BLACK,BEIGE,BROWN,",/tw/zh_TW/product-detail.html?productCode=u0000000018185,https://www.uniqlo.com/tw/hmall/test/u0000000018185/main/first/561/1.jpg,NT$290,"COL09,COL32,COL35"
"女裝 高腰內褲(花朵) 464344  超值精選 店取(店鋪庫存) M PINK,",/tw/zh_TW/product-detail.html?productCode=u0000000018292,https://www.uniqlo.com/tw/hmall/test/u0000000018292/main/first/561/1.jpg,NT$99,COL11
"女裝 高腰內褲(碎花) 464346  超值精選 店取(店鋪庫存) M PURPLE,",/tw/zh_TW/product-detail.html?productCode=u0000000018293,https://www.uniqlo.com/tw/hmall/test/u0000000018293/main/first/561/1.jpg,NT$99,COL71
"女裝 牛仔休閒長褲 465788  超值精選 店取(店鋪庫存) S BLACK,BLUE,",/tw/zh_TW/product-detail.html?productCode=u0000000018008,https://www.uniqlo.com/tw/hmall/test/u0000000018008/main/first/561/1.jpg,NT$390,"COL09,COL62"
"女裝 特級彈性柔軟長褲 460614  超值精選 店取(店鋪庫存) S BLACK,",/tw/zh_TW/product-detail.html?productCode=u0000000017380,https://www.uniqlo.com/tw/hmall/test/u0000000017380/main/first/561/1.jpg,NT$390,COL09
"女裝 孕婦包腹特級彈性緊身褲 456473 461135  超值精選 店取(店鋪庫存) XS,S,M,L,XXL,3XL /,",/tw/zh_TW/product-detail.html?productCode=u0000000017192,https://www.uniqlo.com/tw/hmall/test/u0000000017192/main/first/561/1.jpg,NT$590,COL09
"女裝 AIRism塑型褲(4分)(機能) 460201  超值精選 店取(店鋪庫存) XS,S,M BEIGE,BROWN,",/tw/zh_TW/product-detail.html?productCode=u0000000016964,https://www.uniqlo.com/tw/hmall/test/u0000000016964/main/first/561/1.jpg,NT$290,"COL32,COL35"
"女裝 AIRism塑型褲(4分)(滑面) 460202  超值精選 店取(店鋪庫存) XS,S BEIGE,BROWN,",/tw/zh_TW/product-detail.html?productCode=u0000000016935,https://www.uniqlo.com/tw/hmall/test/u0000000016935/main/first/561/1.jpg,NT$290,"COL32,COL35"
"女裝 特級彈性AIRism束口褲 462674  超值精選 店取(店鋪庫存) S OLIVE,",/tw/zh_TW/product-detail.html?productCode=u0000000016871,https://www.uniqlo.com/tw/hmall/test/u0000000016871/main/first/561/1.jpg,NT$390,COL56
"女裝 牛仔休閒長褲 459790  超值精選 店取(店鋪庫存) XL OFF,",/tw/zh_TW/product-detail.html?productCode=u0000000016736,https://www.uniqlo.com/tw/hmall/test/u0000000016736/main/first/561/1.jpg,NT$390,COL01
"女裝 AIRism塑型褲(4分)(機能) 455320  超值精選 店取(店鋪庫存) XS BLACK,",/tw/zh_TW/product-detail.html?productCode=u0000000015193,https://www.uniqlo.com/tw/hmall/test/u0000000015193/main/first/561/1.jpg,NT$290,COL09
