title,product_link,product_image_url,price,color_codes
"女裝 附腰帶寬襬裙 470921  9月上旬販售 新作商品 店取(店鋪庫存) XS,S,M,L,XL,XXL BEIGE,OLIVE,NAVY,",/tw/zh_TW/product-detail.html?productCode=u0000000020394,https://www.uniqlo.com/tw/hmall/test/u0000000020394/main/first/561/1.jpg,"NT$1,290","COL31,COL56,COL69"
"女裝 細褶長裙 470922  9月上旬販售 新作商品 店取(店鋪庫存) XS,S,M,L,XL,XXL GRAY,GRAY,DARK,GREEN,GREEN,",/tw/zh_TW/product-detail.html?productCode=u0000000020365,https://www.uniqlo.com/tw/hmall/test/u0000000020365/main/first/561/1.jpg,"NT$1,290","COL03,COL07,COL08,COL51,COL53"
"女裝 美麗諾混紡羅紋長裙 471667  9月上旬販售 新作商品 店取(店鋪庫存) XS,S,M,L,XL,XXL BLACK,BROWN,",/tw/zh_TW/product-detail.html?productCode=u0000000020352,https://www.uniqlo.com/tw/hmall/test/u0000000020352/main/first/561/1.jpg,"NT$1,490","COL09,COL37"
"女裝 美麗諾混紡羅紋長裙(拼色) 472549  9月上旬販售 新作商品 店取(店鋪庫存) XS,S,M,L,XL,XXL OLIVE,NAVY,",/tw/zh_TW/product-detail.html?productCode=u0000000020401,https://www.uniqlo.com/tw/hmall/test/u0000000020401/main/first/561/1.jpg,"NT$1,490","COL57,COL69"
"女裝 緞面長裙(附內襯) 469830  新作商品 店取(店鋪庫存) S,M,L BLACK,NATURAL,OLIVE,NAVY,",/tw/zh_TW/product-detail.html?productCode=u0000000020212,https://www.uniqlo.com/tw/hmall/test/u0000000020212/main/first/561/1.jpg,NT$990,"COL09,COL30,COL56,COL69"
"女裝 3D織法柔軟舒膚針織長裙(柔滑) 469485  新作商品 店取(店鋪庫存) S,M,L OFF,DARK,OLIVE,",/tw/zh_TW/product-detail.html?productCode=u0000000020109,https://www.uniqlo.com/tw/hmall/test/u0000000020109/main/first/561/1.jpg,NT$990,"COL01,COL08,COL56"
"女裝 磨毛窄版裙 472562  新作商品 店取(店鋪庫存) XS,S,M,L,XL,XXL,3XL GRAY,DARK,BEIGE,OLIVE,",/tw/zh_TW/product-detail.html?productCode=u0000000020035,https://www.uniqlo.com/tw/hmall/test/u0000000020035/main/first/561/1.jpg,NT$790,"COL06,COL08,COL31,COL57"
"女裝 降落傘裙 470907  豐富尺碼 店取(店鋪庫存) S,M,L,XS,XL LIGHT,BLACK,DARK,",/tw/zh_TW/product-detail.html?productCode=u0000000019604,https://www.uniqlo.com/tw/hmall/test/u0000000019604/main/first/561/1.jpg,NT$990,"COL02,COL09,COL58"
"女裝 特級彈性DRY褲裙 471901  再生材質 店取(店鋪庫存) S BLACK,BLUE,",/tw/zh_TW/product-detail.html?productCode=u0000000019583,https://www.uniqlo.com/tw/hmall/test/u0000000019583/main/first/561/1.jpg,"NT$1,290","COL09,COL67"
"女裝 毛呢褲裙 471421  店取(店鋪庫存) S,M,L,XL DARK,BLACK,",/tw/zh_TW/product-detail.html?productCode=u0000000019934,https://www.uniqlo.com/tw/hmall/test/u0000000019934/main/first/561/1.jpg,NT$990,"COL08,COL09"
"女裝 燈芯絨褲裙 471423  店取(店鋪庫存) S,M,L,XL BLACK,BROWN,BLUE,",/tw/zh_TW/product-detail.html?productCode=u0000000019933,https://www.uniqlo.com/tw/hmall/test/u0000000019933/main/first/561/1.jpg,NT$990,"COL09,COL35,COL68"
"女裝 牛仔設計長裙 470734  店取(店鋪庫存) 58cm,61cm,64cm,67cm,70cm BLUE,NAVY,GRAY,",/tw/zh_TW/product-detail.html?productCode=u0000000019717,https://www.uniqlo.com/tw/hmall/test/u0000000019717/main/first/561/1.jpg,NT$990,"COL67,COL69,COL05"
"女裝 雪紡長裙 469831  超值精選 店取(店鋪庫存) S,M,L BLACK,OLIVE,",/tw/zh_TW/product-detail.html?productCode=u0000000019349,https://www.uniqlo.com/tw/hmall/test/u0000000019349/main/first/561/1.jpg,NT$790,"COL09,COL56"
"女裝 雪紡長裙(印花) 472654  超值精選 店取(店鋪庫存) S,M GREEN,NAVY,",/tw/zh_TW/product-detail.html?productCode=u0000000019348,https://www.uniqlo.com/tw/hmall/test/u0000000019348/main/first/561/1.jpg,NT$790,"COL52,COL69"
"女裝 亞麻混紡長裙 467518  超值精選 店取(店鋪庫存) S BLUE,",/tw/zh_TW/product-detail.html?productCode=u0000000019426,https://www.uniqlo.com/tw/hmall/test/u0000000019426/main/first/561/1.jpg,NT$590,COL68
"女裝 魚尾裙 465956  超值精選 店取(店鋪庫存) 58cm,61cm,64cm,67cm,70cm GREEN,BLUE,",/tw/zh_TW/product-detail.html?productCode=u0000000018976,https://www.uniqlo.com/tw/hmall/test/u0000000018976/main/first/561/1.jpg,NT$290,"COL55,COL61"
"女裝 抓皺長裙(格紋) 469296  超值精選 店取(店鋪庫存) S,M,L OFF,BLACK,",/tw/zh_TW/product-detail.html?productCode=u0000000018980,https://www.uniqlo.com/tw/hmall/test/u0000000018980/main/first/561/1.jpg,NT$290,"COL01,COL09"
"女裝 抽褶設計長裙 464892  超值精選 店取(店鋪庫存) S,M,L BLACK,ORANGE,",/tw/zh_TW/product-detail.html?productCode=u0000000019015,https://www.uniqlo.com/tw/hmall/test/u0000000019015/main/first/561/1.jpg,NT$290,"COL09,COL26"
"女裝 棉質蛋糕裙(附內襯) 467606  超值精選 店取(店鋪庫存) L,S BLACK,BEIGE,",/tw/zh_TW/product-detail.html?productCode=u0000000018798,https://www.uniqlo.com/tw/hmall/test/u0000000018798/main/first/561/1.jpg,NT$390,"COL09,COL31"
"女裝 特級彈性AIRism長裙 468805  超值精選 店取(店鋪庫存) S,M,L,XL BLACK,BEIGE,BROWN,",/tw/zh_TW/product-detail.html?productCode=u0000000018942,https://www.uniqlo.com/tw/hmall/test/u0000000018942/main/first/561/1.jpg,NT$590,"COL09,COL31,COL34"
"女裝 輕便工裝裙(多口袋) 464890  超值精選 店取(店鋪庫存) S,M OLIVE,",/tw/zh_TW/product-detail.html?productCode=u0000000018469,https://www.uniqlo.com/tw/hmall/test/u0000000018469/main/first/561/1.jpg,NT$590,COL56
"女裝 牛仔長裙 465919  超值精選 店取(店鋪庫存) 70cm BLUE,",/tw/zh_TW/product-detail.html?productCode=u0000000018322,https://www.uniqlo.com/tw/hmall/test/u0000000018322/main/first/561/1.jpg,NT$590,COL63
