title,product_link,product_image_url,price,color_codes
"男裝 休閒開襟外套(長袖) 471755  超值精選 店取(店鋪庫存) XS,S,M,L,XL,XXL OFF,BLACK,BEIGE,",/tw/zh_TW/product-detail.html?productCode=u0000000018830,https://www.uniqlo.com/tw/hmall/test/u0000000018830/main/first/561/1.jpg,NT$790,"COL01,COL09,COL32"
"男裝 休閒開襟外套(長袖) 462199  超值精選 店取(店鋪庫存) S,M,L,XL,XXL,3XL OFF,BLACK,BEIGE,",/tw/zh_TW/product-detail.html?productCode=u0000000017264,https://www.uniqlo.com/tw/hmall/test/u0000000017264/main/first/561/1.jpg,NT$790,"COL01,COL09,COL32"
"男裝 防風無縫羽絨連帽外套 470077  9月上旬販售 新作商品 店取(店鋪庫存) XS,S,M,L,XL,XXL,3XL,4XL LIGHT,BLACK,BROWN,OLIVE,NAVY,",/tw/zh_TW/product-detail.html?productCode=u0000000020336,https://www.uniqlo.com/tw/hmall/test/u0000000020336/main/first/561/1.jpg,"NT$4,990","COL02,COL09,COL34,COL57,COL69"
"男裝 Hybrid羽絨連帽外套 473378  9月上旬販售 新作商品 店取(店鋪庫存) XS,S,M,L,XL,XXL,3XL,4XL DARK,BLACK,KHAKI,OLIVE,",/tw/zh_TW/product-detail.html?productCode=u0000000020333,https://www.uniqlo.com/tw/hmall/test/u0000000020333/main/first/561/1.jpg,"NT$3,990","COL08,COL09,COL33,COL57"
"男裝 針織外套 471709  9月上旬販售 新作商品 店取(店鋪庫存) XS,S,M,L,XL,XXL DARK,BLACK,DARK,",/tw/zh_TW/product-detail.html?productCode=u0000000020395,https://www.uniqlo.com/tw/hmall/test/u0000000020395/main/first/561/1.jpg,"NT$2,490","COL08,COL09,COL38"
"男裝 毛絨立領刷毛外套(長袖) 469953  9月上旬販售 新作商品 店取(店鋪庫存) XS,S,M,L,XL,XXL,3XL,4XL DARK,BLACK,WINE,NATURAL,BEIGE,OLIVE,LIGHT,",/tw/zh_TW/product-detail.html?productCode=u0000000020253,https://www.uniqlo.com/tw/hmall/test/u0000000020253/main/first/561/1.jpg,NT$990,"COL08,COL09,COL19,COL30,COL31,COL57,COL60"
"男裝 刷毛外套(長袖)(拼色) 469956  9月上旬販售 新作商品 店取(店鋪庫存) XS,S,M,L,XL,XXL,3XL,4XL GRAY,BEIGE,OLIVE,",/tw/zh_TW/product-detail.html?productCode=u0000000020254,https://www.uniqlo.com/tw/hmall/test/u0000000020254/main/first/561/1.jpg,NT$990,"COL07,COL31,COL57"
"男裝 舒膚開襟外套 469467  新作商品 店取(店鋪庫存) S,M,L,XL OFF,GRAY,NAVY,",/tw/zh_TW/product-detail.html?productCode=u0000000020122,https://www.uniqlo.com/tw/hmall/test/u0000000020122/main/first/561/1.jpg,"NT$1,290","COL01,COL06,COL69"
"男裝 防潑水雙面連帽外套 470049  新作商品 店取(店鋪庫存) XS,S,M,L,XL,XXL,3XL BLACK,OLIVE,NAVY,DARK,BROWN,",/tw/zh_TW/product-detail.html?productCode=u0000000020097,https://www.uniqlo.com/tw/hmall/test/u0000000020097/main/first/561/1.jpg,"NT$1,490","COL09,COL57,COL69,COL08,COL34"
"男裝 特級極輕羽絨外套 470067  新作商品 店取(店鋪庫存) XS,S,M,L,XL,XXL,3XL,4XL BLACK,WINE,BEIGE,OLIVE,NAVY,",/tw/zh_TW/product-detail.html?productCode=u0000000020108,https://www.uniqlo.com/tw/hmall/test/u0000000020108/main/first/561/1.jpg,"NT$2,490","COL09,COL19,COL32,COL57,COL69"
"男裝 PUFFTECH 輕暖科技連帽外套 470118  8月下旬販售 新作商品 店取(店鋪庫存) XS,S,M,L,XL,XXL,3XL,4XL OFF,DARK,BLACK,DARK,BLUE,",/tw/zh_TW/product-detail.html?productCode=u0000000020125,https://www.uniqlo.com/tw/hmall/test/u0000000020125/main/first/561/1.jpg,"NT$1,990","COL01,COL08,COL09,COL58,COL67"
"男裝 米蘭羅紋襯衫式開襟外套 471136  新作商品 店取(店鋪庫存) S,M,L,XL GRAY,BLACK,DARK,NAVY,",/tw/zh_TW/product-detail.html?productCode=u0000000020093,https://www.uniqlo.com/tw/hmall/test/u0000000020093/main/first/561/1.jpg,"NT$1,490","COL07,COL09,COL38,COL69"
"男裝 PUFFTECH 輕暖科技外套 472293  8月下旬販售 新作商品 店取(店鋪庫存) XS,S,M,L,XL,XXL,3XL,4XL BLACK,BEIGE,GREEN,",/tw/zh_TW/product-detail.html?productCode=u0000000020099,https://www.uniqlo.com/tw/hmall/test/u0000000020099/main/first/561/1.jpg,"NT$1,990","COL09,COL32,COL55"
"男裝 刷毛外套(長袖) 469955  新作商品 店取(店鋪庫存) XS,S,M,L,XL,XXL,3XL,4XL DARK,BLACK,NAVY,",/tw/zh_TW/product-detail.html?productCode=u0000000020251,https://www.uniqlo.com/tw/hmall/test/u0000000020251/main/first/561/1.jpg,NT$990,"COL08,COL09,COL69"
"男裝 雙面織紋襯衫式外套 470045  新作商品 店取(店鋪庫存) S,M,L,XL GRAY,BEIGE,DARK,NAVY,",/tw/zh_TW/product-detail.html?productCode=u0000000020098,https://www.uniqlo.com/tw/hmall/test/u0000000020098/main/first/561/1.jpg,"NT$1,690","COL06,COL32,COL39,COL69"
"男裝 工裝短版布勞森外套 470117  新作商品 店取(店鋪庫存) XS,S,M,L,XL,XXL,3XL BLACK,BROWN,OLIVE,",/tw/zh_TW/product-detail.html?productCode=u0000000020068,https://www.uniqlo.com/tw/hmall/test/u0000000020068/main/first/561/1.jpg,"NT$1,990","COL09,COL34,COL57"
"男裝 舒適西裝外套 472462  新作商品 店取(店鋪庫存) XS,S,M,L,XL,XXL,3XL GRAY,DARK,",/tw/zh_TW/product-detail.html?productCode=u0000000020031,https://www.uniqlo.com/tw/hmall/test/u0000000020031/main/first/561/1.jpg,"NT$1,990","COL07,COL38"
"男裝 休閒連帽外套(長袖) 469928  新作商品 店取(店鋪庫存) XS,S,M,L,XL,XXL,3XL,4XL GRAY,BLACK,GRAY,BROWN,OLIVE,",/tw/zh_TW/product-detail.html?productCode=u0000000019630,https://www.uniqlo.com/tw/hmall/test/u0000000019630/main/first/561/1.jpg,"NT$1,290","COL05,COL09,COL06,COL34,COL57"
"男裝 BLOCKTECH防風雨連帽外套(3D剪裁) 470044  新作商品 店取(店鋪庫存) XS,S,M,L,XL,XXL,3XL,4XL BLACK,NAVY,BROWN,",/tw/zh_TW/product-detail.html?productCode=u0000000019497,https://www.uniqlo.com/tw/hmall/test/u0000000019497/main/first/561/1.jpg,"NT$1,990","COL09,COL69,COL35"
"男裝 牛仔外套 470047  豐富尺碼 店取(店鋪庫存) XS,S,M,L,XL,XXL,3XL OFF,DARK,BLUE,",/tw/zh_TW/product-detail.html?productCode=u0000000019881,https://www.uniqlo.com/tw/hmall/test/u0000000019881/main/first/561/1.jpg,"NT$1,490","COL01,COL08,COL68"
"男裝 防風立領連帽外套(防潑水) 473907  豐富尺碼 店取(店鋪庫存) XS,S,M,L,XL,XXL,3XL,4XL OFF,BLACK,OLIVE,DARK,",/tw/zh_TW/product-detail.html?productCode=u0000000019883,https://www.uniqlo.com/tw/hmall/test/u0000000019883/main/first/561/1.jpg,"NT$1,690","COL01,COL09,COL57,COL38"
"男裝 舒適西裝外套 470050  豐富尺碼 店取(店鋪庫存) XS,S,M,L,XL,XXL,3XL DARK,BLACK,NAVY,",/tw/zh_TW/product-detail.html?productCode=u0000000019662,https://www.uniqlo.com/tw/hmall/test/u0000000019662/main/first/561/1.jpg,"NT$1,990","COL08,COL09,COL69"
"男裝 可攜式防曬連帽外套 470041  豐富尺碼 再生材質 店取(店鋪庫存) XS,S,M,L,XL,XXL,3XL,4XL BLACK,GRAY,WINE,GREEN,NAVY,",/tw/zh_TW/product-detail.html?productCode=u0000000019614,https://www.uniqlo.com/tw/hmall/test/u0000000019614/main/first/561/1.jpg,"NT$1,290","COL09,COL03,COL19,COL53,COL69"
"男裝 DRY-EX快乾防曬連帽外套(特級彈性)(拼色) 472076  男女適穿 豐富尺碼 再生材質 店取(店鋪庫存) XS,S,M,L,XL GRAY,NAVY,",/tw/zh_TW/product-detail.html?productCode=u0000000019527,https://www.uniqlo.com/tw/hmall/test/u0000000019527/main/first/561/1.jpg,NT$990,"COL03,COL69"
"男裝 DRY-EX快乾防曬印花連帽外套(特級彈性) 467763  男女適穿 豐富尺碼 再生材質 店取(店鋪庫存) XS,S,M,L,XL NAVY,",/tw/zh_TW/product-detail.html?productCode=u0000000019088,https://www.uniqlo.com/tw/hmall/test/u0000000019088/main/first/561/1.jpg,NT$990,COL69
"男裝 DRY-EX快乾防曬連帽外套(特級彈性) 465203  男女適穿 豐富尺碼 再生材質 店取(店鋪庫存) XS,S,M,L,XL,XXL,3XL,4XL OFF,DARK,BLACK,GREEN,BLUE,",/tw/zh_TW/product-detail.html?productCode=u0000000018626,https://www.uniqlo.com/tw/hmall/test/u0000000018626/main/first/561/1.jpg,NT$990,"COL01,COL08,COL09,COL54,COL62"
"男裝 防潑水雙面連帽外套 464027  豐富尺碼 再生材質 店取(店鋪庫存) XS,S,M,L,XL,XXL,3XL OLIVE,NAVY,LIGHT,BLACK,",/tw/zh_TW/product-detail.html?productCode=u0000000018822,https://www.uniqlo.com/tw/hmall/test/u0000000018822/main/first/561/1.jpg,"NT$1,490","COL57,COL69,COL02,COL09"
"男裝 防風立領連帽外套(防潑水) 464918  豐富尺碼 店取(店鋪庫存) S,M,L,XL,XXL,3XL,4XL,XS OFF,BLACK,BROWN,OLIVE,",/tw/zh_TW/product-detail.html?productCode=u0000000018458,https://www.uniqlo.com/tw/hmall/test/u0000000018458/main/first/561/1.jpg,"NT$1,690","COL01,COL09,COL35,COL57"
"男裝 Miracle Air 西裝外套 464003  豐富尺碼 店取(店鋪庫存) XS,S,M,L,XL,XXL,3XL DARK,BLACK,NAVY,GRAY,",/tw/zh_TW/product-detail.html?productCode=u0000000018455,https://www.uniqlo.com/tw/hmall/test/u0000000018455/main/first/561/1.jpg,"NT$2,490","COL08,COL09,COL69,COL05"
"男裝 Miracle Air 西裝外套(滑面) 464000  豐富尺碼 店取(店鋪庫存) XS,S,M,L,XL,XXL,3XL BEIGE,NAVY,",/tw/zh_TW/product-detail.html?productCode=u0000000018588,https://www.uniqlo.com/tw/hmall/test/u0000000018588/main/first/561/1.jpg,"NT$2,490","COL32,COL69"
"男裝 BLOCKTECH防風雨連帽外套(3D剪裁) 464024  豐富尺碼 再生材質 店取(店鋪庫存) S,M,L,XL,XS,3XL BLACK,NAVY,NATURAL,",/tw/zh_TW/product-detail.html?productCode=u0000000018187,https://www.uniqlo.com/tw/hmall/test/u0000000018187/main/first/561/1.jpg,"NT$1,990","COL09,COL69,COL30"
"男裝 舒適西裝外套 464028  豐富尺碼 店取(店鋪庫存) S,M,L,XL,XS,XXL DARK,BLACK,NAVY,",/tw/zh_TW/product-detail.html?productCode=u0000000018178,https://www.uniqlo.com/tw/hmall/test/u0000000018178/main/first/561/1.jpg,"NT$1,990","COL08,COL09,COL69"
"男裝 休閒連帽外套(長袖) 465201  男女適穿 豐富尺碼 店取(店鋪庫存) S,M,L,XL GRAY,BLACK,",/tw/zh_TW/product-detail.html?productCode=u0000000018035,https://www.uniqlo.com/tw/hmall/test/u0000000018035/main/first/561/1.jpg,"NT$1,290","COL05,COL09"
"男裝 Miracle Air 西裝外套(滑面) 461911  豐富尺碼 店取(店鋪庫存) M,L,XL NAVY,",/tw/zh_TW/product-detail.html?productCode=u0000000018081,https://www.uniqlo.com/tw/hmall/test/u0000000018081/main/first/561/1.jpg,"NT$2,490",COL69
"男裝 刷毛外套(長袖) 460328  豐富尺碼 再生材質 店取(店鋪庫存) XS,S,M,L DARK,BLACK,NAVY,",/tw/zh_TW/product-detail.html?productCode=u0000000017479,https://www.uniqlo.com/tw/hmall/test/u0000000017479/main/first/561/1.jpg,NT$990,"COL08,COL09,COL69"
"男裝 刷毛外套(長袖)(拼色) 462028  豐富尺碼 再生材質 店取(店鋪庫存) XS,S,M,L,XL GRAY,NATURAL,",/tw/zh_TW/product-detail.html?productCode=u0000000017506,https://www.uniqlo.com/tw/hmall/test/u0000000017506/main/first/561/1.jpg,NT$990,"COL07,COL30"
"男裝 防潑水雙面連帽外套 459594  豐富尺碼 店取(店鋪庫存) XS,S,XL,M,L,XXL,3XL BLACK,OLIVE,NAVY,",/tw/zh_TW/product-detail.html?productCode=u0000000017337,https://www.uniqlo.com/tw/hmall/test/u0000000017337/main/first/561/1.jpg,"NT$1,490","COL09,COL57,COL69"
"男裝 特級極輕羽絨外套(3D剪裁) 459619  豐富尺碼 店取(店鋪庫存) XS,S,M,L BLACK,NAVY,",/tw/zh_TW/product-detail.html?productCode=u0000000016976,https://www.uniqlo.com/tw/hmall/test/u0000000016976/main/first/561/1.jpg,"NT$2,490","COL09,COL69"
"男裝 感動西裝外套 尺寸：XS （輕量透氣） 453853  網路販售 合身選 店取(店鋪庫存) 64cm,66cm DARK,BLACK,NAVY,",/tw/zh_TW/product-detail.html?productCode=u0000000016706,https://www.uniqlo.com/tw/hmall/test/u0000000016706/main/first/561/1.jpg,"NT$2,490","COL08,COL09,COL69"
"男裝 感動西裝外套 尺寸：S （輕量透氣） 455077  網路販售 合身選 店取(店鋪庫存) 66cm,68cm,70cm DARK,BLACK,NAVY,",/tw/zh_TW/product-detail.html?productCode=u0000000016705,https://www.uniqlo.com/tw/hmall/test/u0000000016705/main/first/561/1.jpg,"NT$2,490","COL08,COL09,COL69"
"男裝 感動西裝外套 尺寸：L （輕量透氣） 455079  網路販售 合身選 店取(店鋪庫存) 70cm,72cm,74cm DARK,BLACK,NAVY,",/tw/zh_TW/product-detail.html?productCode=u0000000016704,https://www.uniqlo.com/tw/hmall/test/u0000000016704/main/first/561/1.jpg,"NT$2,490","COL08,COL09,COL69"
"男裝 感動西裝外套 尺寸：XL （輕量透氣） 455080  網路販售 合身選 店取(店鋪庫存) 73cm,75cm,77cm DARK,BLACK,NAVY,",/tw/zh_TW/product-detail.html?productCode=u0000000016712,https://www.uniqlo.com/tw/hmall/test/u0000000016712/main/first/561/1.jpg,"NT$2,490","COL08,COL09,COL69"
"男裝 感動西裝外套 尺寸：XXL （輕量透氣） 455081  網路販售 合身選 店取(店鋪庫存) 74cm DARK,",/tw/zh_TW/product-detail.html?productCode=u0000000016707,https://www.uniqlo.com/tw/hmall/test/u0000000016707/main/first/561/1.jpg,"NT$2,490",COL08
"男裝 舒適西裝外套 459602  豐富尺碼 店取(店鋪庫存) S,M,XL,L BLACK,NAVY,DARK,",/tw/zh_TW/product-detail.html?productCode=u0000000016771,https://www.uniqlo.com/tw/hmall/test/u0000000016771/main/first/561/1.jpg,"NT$1,990","COL09,COL69,COL08"
"男裝 感動西裝外套 尺寸：M （輕量透氣） 455078  網路販售 合身選 店取(店鋪庫存) 68cm,70cm,72cm DARK,BLACK,NAVY,",/tw/zh_TW/product-detail.html?productCode=u0000000016703,https://www.uniqlo.com/tw/hmall/test/u0000000016703/main/first/561/1.jpg,"NT$2,490","COL08,COL09,COL69"
"男裝 Miracle Air 西裝外套 455074  豐富尺碼 店取(店鋪庫存) S,M,XL DARK,NAVY,",/tw/zh_TW/product-detail.html?productCode=u0000000015463,https://www.uniqlo.com/tw/hmall/test/u0000000015463/main/first/561/1.jpg,"NT$2,490","COL08,COL69"
"男裝 DRY-EX快乾防曬印花連帽外套(特級彈性) 467763  超值精選 店取(店鋪庫存) XS,S,M,4XL GRAY,",/tw/zh_TW/product-detail.html?productCode=u0000000020287,https://www.uniqlo.com/tw/hmall/test/u0000000020287/main/first/561/1.jpg,NT$790,COL03
"男裝 DRY-EX快乾防曬連帽外套(特級彈性) 474017  超值精選 店取(店鋪庫存) XS,S,M,L,XL,3XL,4XL KHAKI,",/tw/zh_TW/product-detail.html?productCode=u0000000019645,https://www.uniqlo.com/tw/hmall/test/u0000000019645/main/first/561/1.jpg,NT$790,COL33
"男裝 特級彈性DRY外套 472018  超值精選 店取(店鋪庫存) M,L,XL BLACK,NAVY,",/tw/zh_TW/product-detail.html?productCode=u0000000019587,https://www.uniqlo.com/tw/hmall/test/u0000000019587/main/first/561/1.jpg,"NT$1,290","COL09,COL69"
"男裝 輕型連帽外套 467179  超值精選 店取(店鋪庫存) XS,S,M GRAY,LIGHT,NAVY,",/tw/zh_TW/product-detail.html?productCode=u0000000019512,https://www.uniqlo.com/tw/hmall/test/u0000000019512/main/first/561/1.jpg,NT$590,"COL03,COL50,COL69"
"男裝 BLOCKTECH防風雨連帽外套(3D剪裁) 464024  超值精選 店取(店鋪庫存) S,M,L,XL OLIVE,",/tw/zh_TW/product-detail.html?productCode=u0000000019556,https://www.uniqlo.com/tw/hmall/test/u0000000019556/main/first/561/1.jpg,NT$790,COL56
"男裝 棉質外套 467024  超值精選 店取(店鋪庫存) XXL NATURAL,",/tw/zh_TW/product-detail.html?productCode=u0000000019357,https://www.uniqlo.com/tw/hmall/test/u0000000019357/main/first/561/1.jpg,NT$590,COL30
"男裝 工裝短版布勞森外套 459592  超值精選 店取(店鋪庫存) S BROWN,",/tw/zh_TW/product-detail.html?productCode=u0000000019207,https://www.uniqlo.com/tw/hmall/test/u0000000019207/main/first/561/1.jpg,NT$590,COL37
"男裝 可攜式防曬抗UV連帽外套(格紋) 464023  超值精選 店取(店鋪庫存) XS,S,M,L,XL,XXL,3XL BLACK,BEIGE,BLUE,",/tw/zh_TW/product-detail.html?productCode=u0000000018832,https://www.uniqlo.com/tw/hmall/test/u0000000018832/main/first/561/1.jpg,NT$990,"COL09,COL32,COL67"
"男裝 感動襯衫式外套(輕量透氣)(仿棉質) 464917  超值精選 店取(店鋪庫存) S,M BLACK,BEIGE,",/tw/zh_TW/product-detail.html?productCode=u0000000018585,https://www.uniqlo.com/tw/hmall/test/u0000000018585/main/first/561/1.jpg,NT$590,"COL09,COL31"
"男裝 感動襯衫式外套(輕量透氣)(仿羊毛) 470993  超值精選 店取(店鋪庫存) S,M,XL NAVY,",/tw/zh_TW/product-detail.html?productCode=u0000000018641,https://www.uniqlo.com/tw/hmall/test/u0000000018641/main/first/561/1.jpg,NT$590,COL69
"男裝 Miracle Air 西裝外套(休閒款) 467537  超值精選 店取(店鋪庫存) S,M,L,XL NAVY,",/tw/zh_TW/product-detail.html?productCode=u0000000018640,https://www.uniqlo.com/tw/hmall/test/u0000000018640/main/first/561/1.jpg,"NT$1,290",COL69
"男裝 Miracle Air 西裝外套 468671  超值精選 店取(店鋪庫存) S,M,L,XL GRAY,",/tw/zh_TW/product-detail.html?productCode=u0000000018635,https://www.uniqlo.com/tw/hmall/test/u0000000018635/main/first/561/1.jpg,"NT$1,290",COL05
"男裝 工裝外套 463996  超值精選 店取(店鋪庫存) S,M OFF,",/tw/zh_TW/product-detail.html?productCode=u0000000018349,https://www.uniqlo.com/tw/hmall/test/u0000000018349/main/first/561/1.jpg,NT$590,COL01
"男裝 工裝短版布勞森外套 470989  超值精選 店取(店鋪庫存) S OLIVE,",/tw/zh_TW/product-detail.html?productCode=u0000000018265,https://www.uniqlo.com/tw/hmall/test/u0000000018265/main/first/561/1.jpg,NT$590,COL56
"男裝 可攜式防曬抗UV連帽外套 464022  超值精選 店取(店鋪庫存) XS,S,M,L,XL,3XL,XXL GRAY,BLACK,NAVY,DARK,OLIVE,",/tw/zh_TW/product-detail.html?productCode=u0000000018392,https://www.uniqlo.com/tw/hmall/test/u0000000018392/main/first/561/1.jpg,NT$990,"COL03,COL09,COL69,COL28,COL56"
"男裝 Miracle Air 西裝外套 461912  超值精選 店取(店鋪庫存) L NAVY,",/tw/zh_TW/product-detail.html?productCode=u0000000017879,https://www.uniqlo.com/tw/hmall/test/u0000000017879/main/first/561/1.jpg,"NT$1,290",COL69
"男裝 休閒連帽外套(長袖) 460324  超值精選 店取(店鋪庫存) XS GRAY,BLACK,",/tw/zh_TW/product-detail.html?productCode=u0000000017265,https://www.uniqlo.com/tw/hmall/test/u0000000017265/main/first/561/1.jpg,NT$990,"COL05,COL09"
"男裝 可攜式抗UV連帽外套(3D剪裁) 459585  超值精選 店取(店鋪庫存) XS,M BLACK,NAVY,",/tw/zh_TW/product-detail.html?productCode=u0000000016769,https://www.uniqlo.com/tw/hmall/test/u0000000016769/main/first/561/1.jpg,NT$990,"COL09,COL69"
"男裝 休閒開襟外套(長袖) 455402  超值精選 店取(店鋪庫存) S,L,XL,XXL,3XL OFF,",/tw/zh_TW/product-detail.html?productCode=u0000000015373,https://www.uniqlo.com/tw/hmall/test/u0000000015373/main/first/561/1.jpg,NT$790,COL01
"男裝 可攜式防曬抗UV連帽外套(3D剪裁) 453773  超值精選 店取(店鋪庫存) S,XS,M GRAY,BLACK,NAVY,",/tw/zh_TW/product-detail.html?productCode=u0000000015255,https://www.uniqlo.com/tw/hmall/test/u0000000015255/main/first/561/1.jpg,NT$990,"COL03,COL09,COL69"
"男裝 休閒連帽外套(長袖) 455400  超值精選 店取(店鋪庫存) XS GRAY,BLACK,",/tw/zh_TW/product-detail.html?productCode=u0000000015026,https://www.uniqlo.com/tw/hmall/test/u0000000015026/main/first/561/1.jpg,NT$990,"COL05,COL09"
"男裝 特級極輕羽絨連帽外套(3D剪裁) 449722  超值精選 店取(店鋪庫存) S BLACK,",/tw/zh_TW/product-detail.html?productCode=u0000000014166,https://www.uniqlo.com/tw/hmall/test/u0000000014166/main/first/561/1.jpg,NT$990,COL09
"男裝 可攜式抗UV連帽外套 444550  超值精選 店取(店鋪庫存) 4XL,XS GRAY,NAVY,",/tw/zh_TW/product-detail.html?productCode=u0000000012815,https://www.uniqlo.com/tw/hmall/test/u0000000012815/main/first/561/1.jpg,NT$990,"COL03,COL69"
"男裝 Miracle Air 西裝外套(滑面) 453852  超值精選 店取(店鋪庫存) XS,S,M,L,XL,XXL,3XL BEIGE,NAVY,",/tw/zh_TW/product-detail.html?productCode=u0000000015441,https://www.uniqlo.com/tw/hmall/test/u0000000015441/main/first/561/1.jpg,"NT$1,290","COL32,COL69"
